pregnancy_week,peer_id,height_cm,weight_kg,waist_cm,bmi,systolic_bp_mmhg,diastolic_bp_mmhg,hemoglobin_g_dl,fasting_glucose_mg_dl,hba1c_percent,total_cholesterol_mg_dl,hdl_cholesterol_mg_dl,triglycerides_mg_dl,ldl_cholesterol_mg_dl,hs_crp_mg_l,ast_u_l,alt_u_l,ggt_u_l
4,W04_01,168.4,60.5,76.3,21.3,117,62,13.3,89,5.4,172,68,77,88,0.77,18,14,16
4,W04_02,166.2,49.5,74.4,17.9,116,71,13.2,79,5.2,177,53,80,90,0.72,29,16,22
4,W04_03,166.6,52.3,74.4,18.8,109,55,12.7,103,5.0,181,75,84,70,0.72,22,20,17
4,W04_04,161.6,55.7,74.5,21.3,107,76,11.8,88,5.0,199,68,68,113,0.63,18,20,25
4,W04_05,164.7,55.2,68.5,20.3,109,71,14.5,92,5.1,182,62,77,78,1.04,19,22,15
4,W04_06,164.0,60.7,71.7,22.6,112,59,12.3,101,4.7,196,70,96,100,0.71,22,26,24
4,W04_07,165.1,65.8,65.4,24.1,116,67,12.4,74,5.1,180,58,72,112,0.6,14,20,21
4,W04_08,158.3,45.5,67.4,18.1,113,66,12.7,85,5.0,162,65,118,115,0.75,23,17,20
4,W04_09,164.9,59.3,73.5,21.8,111,64,14.1,78,5.3,175,78,74,107,0.74,28,20,17
4,W04_10,165.0,55.3,73.9,20.3,104,63,13.6,100,5.1,201,65,67,121,0.59,14,21,23
4,W04_11,165.0,63.3,70.6,23.2,120,75,12.6,107,5.0,158,71,97,111,0.86,21,24,19
4,W04_12,159.6,46.5,73.5,18.3,112,78,13.2,95,4.9,164,77,69,88,1.01,28,8,19
4,W04_13,170.8,58.6,74.7,20.1,123,72,13.2,91,5.0,180,61,89,90,1.05,19,25,15
4,W04_14,157.7,61.7,72.1,24.8,112,76,13.1,95,4.9,156,58,65,115,0.68,33,26,20
4,W04_15,169.8,43.6,66.8,15.1,121,72,12.5,77,4.8,179,73,64,91,0.74,17,20,18
4,W04_16,167.9,74.6,62.8,26.5,114,65,13.8,84,5.1,189,62,70,92,0.72,23,28,10
4,W04_17,169.6,56.9,72.2,19.8,116,64,13.1,88,4.9,202,62,74,91,0.98,24,7,23
4,W04_18,171.9,50.3,75.7,17.0,105,75,13.7,84,4.8,162,45,60,131,0.84,25,23,19
4,W04_19,164.4,54.9,68.2,20.3,121,61,12.9,96,5.1,152,81,70,105,0.78,22,20,25
4,W04_20,159.1,54.2,73.6,21.4,119,77,13.5,90,5.2,187,55,75,71,0.73,19,20,29
4,W04_21,165.6,55.3,69.9,20.2,106,77,14.7,86,5.1,167,53,59,106,0.73,10,17,13
4,W04_22,162.8,52.9,75.0,20.0,106,75,12.4,75,5.1,166,77,49,111,0.75,22,12,21
4,W04_23,158.8,65.0,69.0,25.8,115,67,11.7,86,4.8,165,58,67,98,0.78,19,22,21
4,W04_24,157.2,56.2,71.9,22.7,117,63,12.6,90,5.0,154,66,90,92,0.64,26,26,24
4,W04_25,157.4,65.2,71.2,26.3,104,73,12.7,87,5.3,165,89,97,117,0.6,25,21,13
4,W04_26,160.5,64.1,68.3,24.9,105,70,13.6,89,4.9,171,63,37,95,1.13,22,17,22
4,W04_27,168.6,53.9,73.1,19.0,122,90,13.0,78,5.0,182,68,38,105,1.18,32,13,22
4,W04_28,167.2,57.2,71.1,20.5,111,63,12.2,95,5.1,175,67,81,105,0.69,24,16,21
4,W04_29,171.5,49.6,65.1,16.9,110,68,13.0,88,5.1,173,52,80,103,0.74,28,29,13
4,W04_30,174.1,60.3,69.0,19.9,97,63,12.6,95,5.1,183,60,78,90,0.71,20,13,25
5,W05_01,166.8,62.2,66.0,22.4,106,66,13.8,84,4.9,190,53,84,104,1.22,23,24,24
5,W05_02,158.3,51.2,76.6,20.4,104,65,13.3,88,4.8,196,67,69,100,0.66,18,22,22
5,W05_03,167.3,51.1,70.9,18.3,128,74,14.2,87,5.0,195,64,62,90,0.58,21,22,18
5,W05_04,159.3,52.6,70.2,20.7,100,69,13.5,83,5.3,197,72,75,115,0.8,24,13,15
5,W05_05,169.9,44.9,69.0,15.6,102,73,13.0,88,5.1,170,83,60,118,0.76,23,16,25
5,W05_06,159.1,60.5,76.4,23.9,109,70,13.1,101,5.2,183,58,72,113,1.42,23,17,28
5,W05_07,162.4,61.2,75.8,23.2,125,71,12.5,91,5.1,180,61,93,96,0.87,23,16,27
5,W05_08,163.7,54.5,71.3,20.4,127,55,12.0,97,4.9,139,55,116,116,0.82,24,15,13
5,W05_09,162.3,67.8,68.5,25.7,120,80,14.8,78,4.8,148,68,84,94,0.64,27,24,19
5,W05_10,165.7,61.1,72.8,22.3,110,70,12.1,97,4.9,176,74,82,103,0.69,16,16,21
5,W05_11,163.0,58.4,72.5,22.0,117,71,13.6,80,4.9,160,63,97,87,0.65,28,14,22
5,W05_12,167.4,47.4,72.0,16.9,118,79,12.4,87,5.0,163,64,63,101,0.89,31,16,12
5,W05_13,163.0,54.2,68.5,20.4,110,70,13.5,86,4.8,184,56,142,123,0.72,22,17,13
5,W05_14,159.2,60.1,74.0,23.7,119,66,12.7,83,5.0,202,64,53,76,1.2,20,18,19
5,W05_15,165.8,59.0,72.1,21.5,117,64,13.1,94,5.1,203,46,52,127,0.61,21,9,22
5,W05_16,164.3,51.5,68.6,19.1,105,66,13.3,84,4.9,154,64,91,100,0.81,23,11,21
5,W05_17,164.7,62.0,72.1,22.9,114,69,13.5,72,5.2,154,56,46,95,0.82,19,21,11
5,W05_18,172.1,63.8,68.8,21.6,112,66,13.6,84,5.1,179,59,50,75,0.78,27,14,26
5,W05_19,161.8,46.1,69.9,17.6,117,75,12.8,86,5.1,160,62,61,92,1.12,22,14,9
5,W05_20,166.1,65.1,69.9,23.6,109,70,12.3,78,5.3,173,64,97,70,0.61,27,13,29
5,W05_21,165.2,52.7,72.3,19.3,100,69,13.4,85,4.8,164,54,42,139,0.76,22,21,16
5,W05_22,159.8,62.6,76.5,24.5,118,70,12.8,94,4.9,178,65,101,113,0.84,29,11,19
5,W05_23,168.8,55.2,70.4,19.4,135,71,12.9,86,5.0,181,61,51,99,0.6,23,10,10
5,W05_24,163.8,53.2,68.3,19.8,100,74,13.6,92,4.7,192,65,105,109,0.71,26,20,12
5,W05_25,162.8,53.8,72.6,20.3,104,69,11.9,84,5.2,188,60,56,102,0.63,24,23,23
5,W05_26,161.6,68.2,78.4,26.1,112,71,12.7,88,5.0,207,53,109,91,0.75,29,18,29
5,W05_27,160.8,47.2,70.3,18.2,119,86,13.4,79,5.0,178,77,77,104,0.8,27,20,23
5,W05_28,163.2,64.2,67.9,24.1,116,77,13.2,98,5.0,184,69,80,85,1.7,18,16,17
5,W05_29,161.4,45.5,70.7,17.5,117,70,13.8,97,5.1,157,65,67,110,0.59,22,21,10
5,W05_30,160.9,57.2,70.9,22.1,110,78,13.0,78,5.0,141,60,54,103,0.91,27,15,16
6,W06_01,171.7,65.0,75.9,22.0,111,72,14.1,93,5.5,191,70,82,126,0.84,22,16,17
6,W06_02,150.0,53.1,69.1,23.6,122,63,12.7,100,5.3,172,64,59,108,0.54,18,17,23
6,W06_03,166.8,65.0,70.9,23.4,119,65,14.0,86,5.3,196,57,114,103,1.32,17,20,14
6,W06_04,159.4,63.1,68.9,24.8,122,57,13.4,77,5.1,154,65,88,95,1.24,25,16,11
6,W06_05,159.4,58.3,71.2,22.9,107,69,13.2,91,4.9,188,77,97,108,0.94,11,16,18
6,W06_06,165.6,56.4,71.3,20.6,114,77,13.7,100,5.1,201,75,102,106,0.82,25,18,13
6,W06_07,165.7,54.2,71.8,19.8,124,71,13.7,80,5.0,199,59,80,87,0.71,22,23,11
6,W06_08,170.6,64.1,73.7,22.0,104,70,12.8,81,5.0,189,87,69,100,0.66,19,22,9
6,W06_09,165.9,60.0,68.3,21.8,115,83,12.3,79,5.1,178,65,89,128,0.76,32,20,7
6,W06_10,166.3,54.1,71.1,19.6,127,78,14.0,92,4.8,186,60,92,78,0.62,20,18,16
6,W06_11,167.4,63.7,70.2,22.7,116,66,13.9,88,5.0,213,54,65,83,0.8,22,21,22
6,W06_12,166.3,59.5,67.3,21.5,104,74,12.3,87,5.2,163,69,59,93,0.77,26,13,12
6,W06_13,165.7,44.9,73.8,16.4,110,73,14.2,87,5.3,161,71,78,90,0.61,13,24,22
6,W06_14,160.1,57.9,71.7,22.6,114,64,12.3,96,5.5,179,69,125,104,0.69,21,16,18
6,W06_15,171.9,64.4,73.2,21.8,114,72,13.6,86,4.8,159,65,84,88,0.74,25,20,18
6,W06_16,150.0,63.4,69.9,28.2,111,62,12.5,89,5.1,157,67,72,74,0.77,25,12,23
6,W06_17,169.2,58.0,71.2,20.3,113,70,13.1,95,5.2,180,70,84,96,0.6,26,19,23
6,W06_18,161.9,61.6,68.7,23.5,113,66,13.7,83,5.2,190,62,64,90,0.71,14,13,19
6,W06_19,161.9,59.8,71.0,22.8,102,74,13.3,80,4.9,186,64,68,106,0.92,19,16,14
6,W06_20,157.3,75.5,74.7,30.5,113,66,12.5,87,4.8,149,65,92,126,0.81,19,23,15
6,W06_21,168.0,59.8,69.0,21.2,118,63,13.1,85,5.2,166,71,83,87,0.83,18,16,20
6,W06_22,162.0,56.2,76.7,21.4,108,68,12.9,84,5.4,161,68,78,109,0.89,21,15,8
6,W06_23,167.4,55.3,70.4,19.8,106,71,13.4,90,5.1,183,54,105,121,0.75,22,21,17
6,W06_24,171.8,55.8,72.8,18.9,96,57,12.4,100,5.1,168,78,62,94,0.77,18,7,7
6,W06_25,162.8,50.2,69.5,19.0,117,69,13.0,79,5.4,176,62,123,84,1.06,25,25,17
6,W06_26,165.1,69.7,69.7,25.6,101,77,13.1,95,5.0,171,66,68,107,0.76,28,19,14
6,W06_27,158.7,55.5,72.3,22.0,108,64,13.3,88,5.2,160,64,77,105,0.68,28,17,12
6,W06_28,160.2,57.3,70.8,22.3,109,65,13.7,86,5.0,190,59,88,95,0.83,23,14,22
6,W06_29,162.4,53.1,70.2,20.1,123,66,13.2,85,5.2,179,66,67,104,0.86,20,22,25
6,W06_30,168.7,59.3,74.7,20.9,111,66,12.7,90,5.2,219,64,53,100,0.99,25,19,16
7,W07_01,151.0,54.4,69.4,23.9,123,73,13.2,93,5.0,189,63,90,105,0.81,19,17,23
7,W07_02,163.7,59.4,68.6,22.1,112,70,12.0,107,5.2,188,47,115,111,0.61,24,17,18
7,W07_03,161.4,55.9,71.6,21.4,122,75,12.5,85,5.0,178,71,52,100,1.07,22,21,23
7,W07_04,167.7,59.2,71.8,21.0,116,60,12.8,86,4.8,191,84,136,81,0.96,35,23,19
7,W07_05,163.4,51.7,67.8,19.4,100,59,14.2,106,5.3,147,68,117,81,0.82,24,20,16
7,W07_06,154.1,57.9,66.2,24.4,102,78,12.7,84,4.9,150,63,72,98,0.65,25,14,23
7,W07_07,154.7,47.4,69.1,19.8,104,70,13.0,91,5.0,202,77,88,122,0.55,21,19,19
7,W07_08,164.8,51.7,65.5,19.0,118,84,12.5,82,5.0,171,64,60,81,0.71,25,20,24
7,W07_09,150.0,58.4,74.9,25.9,115,66,12.8,98,4.9,205,61,106,95,0.84,21,11,19
7,W07_10,161.3,58.4,75.0,22.5,118,69,12.2,94,5.1,180,71,90,127,0.72,20,18,25
7,W07_11,161.3,54.5,73.7,21.0,115,72,12.5,79,5.0,190,77,83,114,0.67,22,14,28
7,W07_12,159.9,61.9,64.9,24.2,103,72,13.0,90,5.2,138,59,92,114,1.18,17,12,11
7,W07_13,162.8,54.0,68.4,20.4,112,73,12.0,74,4.9,179,70,58,121,0.87,32,13,8
7,W07_14,163.8,58.9,70.8,22.0,102,62,14.1,89,5.0,177,48,42,85,0.88,21,21,14
7,W07_15,162.6,59.4,76.2,22.4,109,59,13.2,98,5.0,176,73,74,102,0.91,27,18,23
7,W07_16,158.0,57.7,73.2,23.1,109,72,12.8,84,4.9,196,60,103,113,0.79,22,21,13
7,W07_17,156.0,55.4,77.0,22.8,104,73,13.3,94,4.8,190,70,52,91,0.56,18,19,15
7,W07_18,158.7,65.8,73.5,26.1,107,68,13.1,86,5.4,173,69,104,109,0.8,17,20,14
7,W07_19,163.1,49.6,70.6,18.7,114,86,12.6,95,5.2,184,58,88,83,0.73,15,21,12
7,W07_20,168.8,51.4,63.9,18.1,100,56,12.8,85,5.2,160,56,85,85,0.78,22,32,15
7,W07_21,153.0,53.5,76.8,22.9,100,66,13.1,81,5.2,158,62,100,104,0.81,21,14,8
7,W07_22,159.8,62.9,74.3,24.6,123,70,12.2,93,4.9,211,55,66,80,0.59,20,18,18
7,W07_23,155.1,60.3,69.1,25.1,109,68,13.3,95,5.0,202,69,72,104,1.17,29,28,21
7,W07_24,150.0,62.5,72.8,27.8,116,59,13.8,91,5.0,175,54,58,84,0.92,25,19,20
7,W07_25,161.7,73.4,72.2,28.1,111,67,12.1,81,5.0,179,56,72,100,0.77,15,20,22
7,W07_26,165.7,60.6,76.8,22.1,112,56,13.5,86,4.8,190,68,105,101,0.79,23,16,15
7,W07_27,154.7,45.5,73.1,19.0,116,70,13.0,92,5.1,173,67,83,124,0.84,22,29,18
7,W07_28,167.1,50.3,70.1,18.0,116,79,11.8,91,5.2,187,65,86,107,0.7,29,25,22
7,W07_29,158.4,56.0,73.1,22.3,106,82,13.2,102,5.2,194,61,44,119,0.98,21,11,13
7,W07_30,156.2,69.5,72.1,28.5,113,66,13.4,89,4.8,190,63,105,83,0.73,26,8,11
8,W08_01,165.5,45.7,71.2,16.7,99,67,12.5,88,5.1,193,71,108,133,1.18,18,14,14
8,W08_02,159.4,46.4,74.5,18.3,116,73,13.7,99,5.1,169,67,89,84,0.69,18,19,10
8,W08_03,153.7,54.9,68.0,23.2,124,73,13.5,90,5.0,178,68,101,118,0.88,26,16,20
8,W08_04,158.1,65.0,71.1,26.0,121,83,13.7,100,4.9,175,60,74,95,1.01,19,18,17
8,W08_05,155.0,54.6,73.3,22.7,102,71,13.1,92,5.2,134,75,110,97,1.1,22,18,17
8,W08_06,163.2,63.8,72.7,24.0,115,75,12.1,85,5.1,180,61,69,104,0.67,26,21,17
8,W08_07,169.4,57.7,71.8,20.1,125,67,13.7,75,4.8,168,66,99,110,0.61,20,23,16
8,W08_08,167.1,66.6,70.4,23.9,116,68,13.5,83,5.1,177,55,83,103,0.73,23,21,19
8,W08_09,167.1,61.6,73.5,22.1,107,71,12.9,83,4.9,168,57,99,99,0.71,16,16,18
8,W08_10,162.9,56.6,70.8,21.3,102,69,13.3,90,5.1,173,66,77,120,0.76,23,23,19
8,W08_11,167.2,57.1,71.1,20.4,109,69,14.5,80,5.0,209,72,71,95,0.74,24,12,15
8,W08_12,164.7,56.2,76.5,20.7,120,70,12.6,85,5.4,185,62,100,82,0.85,19,12,14
8,W08_13,165.7,49.8,73.2,18.2,106,64,13.0,95,4.8,186,61,82,127,0.61,25,22,22
8,W08_14,157.8,61.6,68.8,24.7,112,63,13.4,82,5.0,197,59,72,101,1.71,18,14,16
8,W08_15,158.4,49.8,68.2,19.9,112,73,13.9,82,4.9,154,57,66,111,0.85,18,27,16
8,W08_16,176.8,58.3,76.7,18.6,104,66,12.2,86,4.9,197,64,90,98,0.81,23,29,17
8,W08_17,163.5,65.1,73.7,24.4,112,62,13.3,89,5.0,163,53,82,110,0.69,24,14,23
8,W08_18,167.8,47.6,70.9,16.9,102,73,13.8,88,5.1,188,65,114,79,1.34,23,14,17
8,W08_19,166.8,54.0,74.5,19.4,106,71,13.1,100,5.2,127,71,75,100,0.68,30,11,19
8,W08_20,166.2,58.1,73.1,21.1,117,75,12.5,85,5.0,193,55,64,89,0.64,20,16,19
8,W08_21,167.8,60.5,66.5,21.5,118,63,13.9,94,5.5,199,75,84,104,0.63,20,15,20
8,W08_22,156.2,47.8,68.9,19.6,101,65,13.6,103,4.8,166,79,76,107,0.73,19,30,18
8,W08_23,159.1,58.4,73.8,23.1,104,69,13.5,96,5.1,169,52,83,95,0.85,43,21,15
8,W08_24,150.0,69.4,76.1,30.9,108,67,12.5,94,4.9,143,62,88,102,0.73,30,16,17
8,W08_25,161.1,55.2,69.6,21.3,115,62,13.0,86,4.9,179,60,97,103,0.74,27,30,14
8,W08_26,160.4,56.7,68.5,22.0,124,72,11.8,95,5.3,182,52,66,99,0.72,26,20,24
8,W08_27,157.7,54.2,71.9,21.8,116,67,13.8,79,5.2,150,62,143,98,0.85,23,18,16
8,W08_28,167.0,52.9,69.8,19.0,115,69,12.9,91,5.2,155,66,65,100,1.31,32,12,29
8,W08_29,166.8,60.4,78.5,21.7,116,65,12.3,97,5.2,216,63,97,107,0.68,24,16,27
8,W08_30,160.2,65.8,68.0,25.6,118,63,12.8,84,5.0,187,46,65,103,0.96,31,20,14
9,W09_01,160.9,61.6,74.7,23.8,121,78,14.1,92,5.1,193,66,104,116,0.64,13,11,8
9,W09_02,159.4,56.6,71.3,22.3,108,68,13.3,93,4.9,189,57,88,98,0.68,23,22,11
9,W09_03,168.9,47.1,77.0,16.5,113,71,12.8,93,5.3,185,71,85,136,1.22,20,22,16
9,W09_04,162.2,49.2,72.8,18.7,106,89,13.2,92,5.0,171,71,103,109,0.91,33,16,8
9,W09_05,155.9,65.4,67.7,26.9,105,76,13.6,81,4.9,202,64,65,120,0.85,28,21,15
9,W09_06,158.8,54.9,76.5,21.8,101,76,13.6,89,5.2,202,76,86,111,0.9,25,20,11
9,W09_07,164.9,61.7,75.7,22.7,101,78,13.5,82,4.3,151,53,86,111,1.02,23,22,19
9,W09_08,163.0,63.9,73.8,24.0,121,71,13.1,72,5.4,162,60,63,93,0.63,17,26,12
9,W09_09,163.6,57.8,72.1,21.6,123,60,12.8,95,4.8,185,67,77,103,0.99,17,19,13
9,W09_10,162.9,82.4,71.8,31.1,104,73,12.2,100,4.9,186,72,83,108,0.63,25,7,19
9,W09_11,164.0,63.3,70.0,23.5,117,59,12.9,87,4.8,160,72,70,89,0.96,29,18,25
9,W09_12,166.8,45.0,79.2,16.2,105,63,13.2,88,5.0,177,76,41,97,0.64,19,21,21
9,W09_13,170.2,57.8,70.0,20.0,94,75,12.4,84,5.1,197,74,89,85,0.71,19,21,13
9,W09_14,171.9,54.4,70.9,18.4,124,76,13.2,92,5.1,192,63,82,90,0.83,19,10,9
9,W09_15,172.0,58.7,69.9,19.8,107,64,14.4,95,5.1,182,63,56,111,0.77,27,12,15
9,W09_16,150.0,45.7,75.1,20.3,114,73,13.5,91,5.2,162,60,96,100,1.4,12,34,18
9,W09_17,160.0,61.3,70.7,24.0,120,80,13.3,92,5.1,181,64,77,102,0.6,17,9,22
9,W09_18,159.8,60.0,77.4,23.5,123,73,13.2,88,5.2,175,78,121,116,0.8,27,13,7
9,W09_19,157.5,49.9,70.4,20.1,107,63,13.7,77,4.9,185,73,86,73,0.79,24,19,19
9,W09_20,169.9,52.9,73.3,18.3,104,75,12.7,87,5.1,232,73,111,108,0.57,23,18,16
9,W09_21,163.8,57.3,74.8,21.4,108,68,12.2,84,5.1,146,66,81,80,1.21,24,21,15
9,W09_22,172.2,69.0,68.7,23.3,114,74,13.6,94,5.1,195,75,98,95,0.67,17,12,12
9,W09_23,150.0,64.8,71.6,28.8,116,69,12.0,90,4.9,211,57,94,97,0.72,26,20,14
9,W09_24,157.4,51.7,74.3,20.9,103,75,13.6,97,5.1,175,72,126,99,0.68,28,10,25
9,W09_25,165.0,65.7,72.7,24.1,118,67,12.9,95,5.0,195,67,79,129,0.96,22,27,14
9,W09_26,163.6,58.1,72.7,21.7,121,63,13.3,82,5.1,182,63,104,81,1.16,15,14,20
9,W09_27,164.5,57.4,74.0,21.2,102,71,13.5,78,5.2,198,90,75,93,0.93,23,12,20
9,W09_28,169.1,47.8,72.0,16.7,107,73,13.0,89,4.6,190,54,82,98,0.62,15,10,15
9,W09_29,159.5,60.5,69.9,23.8,119,83,12.8,76,5.1,182,70,90,108,0.72,28,24,10
9,W09_30,166.9,62.1,70.5,22.3,102,64,13.3,93,4.9,155,46,90,76,0.93,22,25,23
10,W10_01,166.5,60.1,70.9,21.7,121,59,12.9,80,5.2,189,66,119,109,0.75,19,16,18
10,W10_02,167.1,57.1,73.2,20.5,112,71,12.2,89,5.4,167,59,111,106,0.62,28,27,12
10,W10_03,168.8,47.9,69.6,16.8,97,73,13.1,84,5.1,177,72,93,109,0.68,19,16,23
10,W10_04,161.0,56.5,73.7,21.8,106,65,13.4,88,5.1,160,60,98,109,0.81,19,22,11
10,W10_05,160.0,61.9,72.6,24.2,108,74,12.6,89,4.9,194,67,107,127,0.57,20,9,19
10,W10_06,151.9,67.9,69.3,29.4,104,60,12.9,96,4.7,190,59,82,136,1.46,22,15,23
10,W10_07,169.6,56.9,68.1,19.8,116,69,12.7,90,4.7,204,64,87,115,0.77,15,18,21
10,W10_08,161.3,71.8,77.8,27.6,105,67,12.5,80,5.0,217,65,92,94,1.1,19,9,16
10,W10_09,161.4,48.3,73.6,18.5,120,72,12.5,72,5.0,221,87,89,112,0.57,26,19,19
10,W10_10,171.6,52.3,68.8,17.8,106,68,13.3,84,4.8,150,51,99,112,1.65,18,29,12
10,W10_11,162.5,57.9,72.6,21.9,105,60,13.6,90,4.9,201,69,77,104,1.07,25,25,22
10,W10_12,173.3,66.1,71.3,22.0,115,64,12.9,84,5.3,206,56,102,105,1.14,16,25,26
10,W10_13,163.6,57.7,71.2,21.5,109,66,12.9,94,5.0,182,65,61,101,0.88,22,17,14
10,W10_14,152.6,60.9,75.1,26.2,125,63,12.4,82,5.5,189,66,119,106,0.9,27,28,22
10,W10_15,155.5,57.8,66.9,23.9,103,68,12.8,69,5.4,149,68,83,100,0.88,21,28,28
10,W10_16,166.9,57.7,72.7,20.7,98,76,12.8,91,5.0,200,68,69,98,0.91,21,14,13
10,W10_17,176.8,60.7,70.1,19.4,115,74,14.2,90,5.1,170,63,98,114,0.75,28,14,15
10,W10_18,168.8,58.9,76.9,20.7,124,65,12.0,75,5.5,205,60,105,92,1.04,17,25,16
10,W10_19,159.6,58.5,70.3,23.0,114,64,13.9,84,5.2,183,71,98,106,0.94,27,18,10
10,W10_20,159.9,62.0,75.8,24.2,103,72,13.7,87,5.2,157,74,106,95,1.02,23,26,18
10,W10_21,164.0,67.5,68.3,25.1,117,73,12.8,96,4.8,172,70,95,114,0.73,21,16,19
10,W10_22,161.9,61.6,72.5,23.5,128,60,12.7,79,5.1,206,69,79,103,1.34,19,15,24
10,W10_23,160.7,63.9,75.0,24.8,120,77,13.1,74,5.1,186,64,71,104,0.94,20,16,15
10,W10_24,157.6,71.5,73.9,28.8,102,70,13.4,107,5.2,189,71,105,105,1.05,17,16,19
10,W10_25,163.6,62.2,75.9,23.2,112,60,13.3,88,5.2,145,74,68,97,0.63,25,22,18
10,W10_26,167.6,61.5,72.4,21.9,100,67,13.3,78,5.5,191,74,99,108,1.61,26,25,20
10,W10_27,167.1,45.4,71.6,16.3,122,70,12.8,85,4.7,185,77,60,97,0.98,21,24,17
10,W10_28,158.7,47.5,72.3,18.8,106,64,12.8,90,4.8,159,49,57,107,0.8,23,23,25
10,W10_29,158.9,54.6,73.6,21.6,113,76,12.9,83,5.0,159,77,94,120,1.03,22,27,16
10,W10_30,157.6,56.9,72.2,22.9,108,86,13.1,88,5.0,196,66,95,90,1.15,14,18,22
11,W11_01,168.6,63.5,75.2,22.4,120,68,13.2,94,5.2,216,82,95,91,0.77,23,13,30
11,W11_02,163.4,58.5,74.0,21.9,113,65,12.6,106,5.0,197,68,84,100,0.87,24,10,14
11,W11_03,166.2,48.4,69.5,17.5,111,68,13.3,92,5.0,172,66,107,98,0.71,21,12,16
11,W11_04,153.9,73.3,69.4,31.0,112,76,13.8,101,4.8,180,52,86,103,0.99,22,22,25
11,W11_05,159.4,54.5,71.5,21.4,114,68,12.4,88,5.3,171,57,71,95,0.73,20,20,21
11,W11_06,166.3,67.9,72.0,24.6,102,74,13.2,88,5.2,181,57,64,99,0.74,24,11,18
11,W11_07,163.3,57.3,71.1,21.5,111,75,13.5,85,4.9,182,66,108,87,1.05,19,17,21
11,W11_08,156.9,71.5,67.4,29.0,107,76,12.5,82,5.3,188,70,97,94,0.77,22,22,15
11,W11_09,165.8,54.2,64.2,19.7,109,80,13.1,83,5.1,163,55,98,99,0.86,32,15,14
11,W11_10,162.1,68.3,75.3,26.0,128,66,13.8,85,5.0,154,53,93,116,0.94,26,31,18
11,W11_11,163.7,65.1,75.1,24.3,119,87,13.1,86,4.9,191,71,97,100,1.27,16,23,19
11,W11_12,165.8,54.5,68.2,19.8,111,80,13.1,88,5.0,191,56,85,103,0.83,21,22,28
11,W11_13,161.0,59.9,78.1,23.1,118,65,13.1,88,5.0,164,49,121,120,1.23,24,16,24
11,W11_14,168.9,71.2,74.7,25.0,113,76,12.9,98,5.1,171,78,79,108,0.84,34,14,18
11,W11_15,160.3,47.8,71.0,18.6,106,67,13.2,83,4.9,170,77,88,119,0.77,18,24,13
11,W11_16,173.3,59.6,72.8,19.8,109,72,12.5,87,5.3,192,68,100,98,0.66,28,11,16
11,W11_17,158.2,64.2,68.7,25.6,115,72,12.7,85,4.9,181,63,109,93,0.74,25,12,20
11,W11_18,169.0,53.7,72.4,18.8,92,69,13.7,83,5.2,184,64,80,118,0.75,24,19,21
11,W11_19,169.4,62.7,75.3,21.9,107,79,13.0,97,5.3,172,78,102,107,0.7,17,16,24
11,W11_20,150.7,48.6,69.2,21.4,115,70,12.7,97,4.7,190,67,89,91,0.65,17,19,28
11,W11_21,157.6,55.1,71.9,22.2,120,78,13.1,84,4.6,150,62,85,78,0.83,26,19,16
11,W11_22,172.4,54.3,67.8,18.3,125,69,12.5,81,5.1,188,62,72,93,0.86,18,22,17
11,W11_23,163.4,47.4,71.0,17.8,104,69,13.0,85,4.7,217,51,91,107,0.76,19,8,15
11,W11_24,164.3,67.9,73.9,25.2,125,83,13.2,78,4.9,176,48,96,106,0.6,18,23,15
11,W11_25,157.7,51.3,73.6,20.6,123,58,12.3,85,4.7,181,72,120,119,0.75,28,16,13
11,W11_26,152.9,64.9,75.0,27.8,122,73,13.4,105,4.9,170,72,102,87,0.61,20,15,28
11,W11_27,163.5,63.3,72.6,23.7,124,78,12.6,97,5.2,184,66,88,100,0.73,19,16,23
11,W11_28,158.2,55.2,70.7,22.1,128,69,13.1,94,5.1,180,66,102,67,0.74,14,27,23
11,W11_29,163.7,55.9,76.5,20.9,111,68,12.6,92,5.1,147,68,84,114,0.78,16,21,16
11,W11_30,157.5,60.2,71.8,24.3,93,73,12.7,85,4.9,150,78,107,102,1.01,26,13,20
12,W12_01,159.8,63.5,74.7,24.9,118,61,11.9,90,5.6,205,82,84,118,0.81,28,13,23
12,W12_02,169.1,55.7,71.6,19.5,103,67,13.2,84,5.2,191,59,117,93,0.99,29,11,17
12,W12_03,164.6,71.4,68.8,26.4,113,70,12.8,89,5.4,169,78,100,106,1.04,14,15,14
12,W12_04,163.1,57.1,74.5,21.5,111,77,13.2,89,5.4,191,58,77,113,0.72,24,14,17
12,W12_05,154.2,64.6,69.1,27.2,124,57,13.7,91,5.2,174,61,96,103,0.88,22,19,7
12,W12_06,162.8,70.0,69.4,26.4,130,71,12.0,79,5.3,196,63,64,101,0.78,22,17,16
12,W12_07,163.5,61.0,76.3,22.8,103,69,13.1,90,5.0,192,69,91,118,0.93,32,20,22
12,W12_08,153.5,71.7,73.4,30.4,111,68,14.7,90,4.9,182,72,119,100,0.7,26,19,14
12,W12_09,159.3,72.3,73.4,28.5,95,73,13.6,83,4.9,184,65,91,81,0.75,21,19,14
12,W12_10,162.1,69.7,69.4,26.6,120,70,13.1,103,4.7,203,70,86,99,0.81,27,15,23
12,W12_11,157.2,70.7,72.3,28.6,115,59,13.0,104,4.8,175,72,80,113,0.79,25,7,14
12,W12_12,164.0,63.4,80.7,23.6,114,65,13.2,73,5.1,208,63,70,100,1.19,25,24,19
12,W12_13,158.5,59.1,72.0,23.5,111,64,13.1,86,5.1,146,73,47,98,0.78,19,32,16
12,W12_14,156.6,65.2,70.9,26.6,122,77,14.2,81,5.0,164,66,90,103,0.59,25,19,13
12,W12_15,159.5,57.2,75.3,22.5,121,72,13.1,82,5.4,168,72,76,104,0.68,20,25,11
12,W12_16,169.0,61.0,70.8,21.4,121,70,12.5,88,4.9,181,65,80,103,0.73,20,17,21
12,W12_17,166.9,53.7,72.5,19.3,107,75,12.7,83,5.3,191,81,113,104,0.8,21,22,22
12,W12_18,159.8,52.8,79.3,20.7,113,64,12.9,88,4.9,181,61,110,103,1.12,18,28,23
12,W12_19,162.5,50.1,71.5,19.0,129,72,12.8,81,5.3,158,61,78,96,1.25,30,11,11
12,W12_20,164.3,58.1,74.8,21.5,110,55,13.5,87,4.9,143,62,96,119,0.88,28,18,13
12,W12_21,162.9,59.2,73.0,22.3,122,61,13.0,83,5.4,215,53,122,111,1.05,29,17,16
12,W12_22,163.0,62.5,77.7,23.5,110,55,11.9,94,5.3,189,63,119,102,0.94,18,16,15
12,W12_23,154.4,70.9,72.9,29.7,116,68,13.2,78,5.0,189,66,82,107,0.65,29,17,19
12,W12_24,171.4,44.7,71.9,15.2,107,63,13.7,95,5.1,184,73,82,123,0.81,32,21,18
12,W12_25,161.9,53.6,69.8,20.5,111,74,13.1,97,5.2,170,67,74,98,0.68,23,27,20
12,W12_26,166.2,51.7,71.6,18.7,109,76,13.1,89,5.1,171,71,72,99,0.69,21,12,20
12,W12_27,162.7,46.4,75.9,17.5,112,66,13.7,97,5.1,188,64,100,92,0.86,17,7,17
12,W12_28,161.5,63.4,73.0,24.3,105,68,12.8,107,4.7,178,74,77,120,0.95,30,24,24
12,W12_29,163.1,66.9,69.4,25.1,115,65,13.3,81,5.3,177,55,76,93,0.75,21,21,17
12,W12_30,163.0,59.5,67.5,22.4,103,61,13.8,98,5.2,173,48,73,101,1.06,24,27,21
13,W13_01,164.7,61.8,71.2,22.8,123,63,13.1,99,5.1,127,70,88,101,0.83,24,20,19
13,W13_02,171.0,68.0,74.0,23.2,114,75,12.5,88,5.2,190,69,98,88,1.28,18,10,13
13,W13_03,167.4,48.2,72.1,17.2,103,69,13.8,93,5.3,172,71,76,100,1.05,21,19,18
13,W13_04,161.1,67.3,77.5,25.9,126,78,12.8,83,4.7,187,77,91,91,0.9,29,16,25
13,W13_05,154.5,58.4,76.5,24.5,107,69,13.9,91,5.3,174,58,80,68,0.63,23,14,19
13,W13_06,161.7,48.1,76.1,18.4,110,76,12.6,82,5.2,169,70,92,79,0.77,29,13,12
13,W13_07,159.5,68.1,74.3,26.8,116,78,13.4,92,4.8,192,75,114,119,0.8,24,13,18
13,W13_08,168.7,74.7,71.2,26.2,119,79,12.5,99,4.6,185,60,99,101,0.93,19,7,17
13,W13_09,153.1,71.4,72.0,30.4,110,76,12.3,99,5.1,208,67,92,122,0.81,21,19,10
13,W13_10,168.5,65.4,77.3,23.0,110,69,13.4,93,4.8,175,70,104,94,0.7,20,22,17
13,W13_11,167.1,64.3,78.8,23.0,123,75,12.7,91,4.9,183,67,98,124,0.83,23,21,18
13,W13_12,164.4,60.3,77.8,22.3,117,56,12.6,98,5.3,175,72,115,125,0.64,25,13,11
13,W13_13,169.1,61.5,74.0,21.5,111,72,13.5,93,5.3,183,68,99,115,0.87,21,34,13
13,W13_14,150.0,65.5,70.8,29.1,120,75,13.3,80,4.5,190,89,54,98,1.15,17,25,22
13,W13_15,166.8,51.3,72.9,18.4,119,70,12.9,80,5.0,146,72,84,103,0.66,24,28,22
13,W13_16,164.8,56.0,74.3,20.6,119,69,13.8,102,5.1,225,62,98,95,0.8,24,12,24
13,W13_17,150.0,64.1,76.2,28.5,100,60,12.7,97,5.2,176,73,90,113,1.09,20,19,24
13,W13_18,163.5,52.7,74.5,19.7,120,83,12.0,102,5.0,219,65,110,76,0.86,18,17,15
13,W13_19,150.3,66.2,78.7,29.3,107,64,12.8,91,5.0,169,73,61,113,0.74,21,21,23
13,W13_20,161.3,59.7,70.1,22.9,109,77,11.8,88,4.8,177,68,84,90,0.65,18,18,25
13,W13_21,164.7,63.1,76.2,23.3,107,63,12.8,76,5.1,200,76,88,111,0.78,20,30,7
13,W13_22,157.0,49.3,77.2,20.0,112,64,13.1,76,5.2,141,77,66,71,0.85,24,19,13
13,W13_23,169.8,60.9,65.4,21.1,114,76,12.6,84,5.0,137,51,77,101,0.82,15,13,17
13,W13_24,154.2,57.5,74.3,24.2,122,75,13.4,89,4.9,190,74,109,93,0.7,25,13,7
13,W13_25,155.3,63.7,72.9,26.4,120,76,13.1,95,5.1,223,63,88,103,0.86,21,11,13
13,W13_26,165.0,57.5,70.5,21.1,116,61,13.4,97,4.8,156,71,72,78,0.67,14,18,20
13,W13_27,153.9,67.2,71.6,28.4,120,79,12.7,76,5.3,195,79,86,96,0.72,23,26,18
13,W13_28,163.6,55.2,75.0,20.6,107,62,12.8,79,4.9,193,63,97,93,0.79,20,24,18
13,W13_29,170.5,67.8,76.5,23.3,116,67,12.8,83,5.1,181,62,122,108,0.63,20,22,18
13,W13_30,169.4,53.6,77.3,18.7,121,67,13.5,111,5.1,190,65,99,111,0.73,23,16,18
14,W14_01,165.3,64.5,76.0,23.6,109,66,13.4,88,5.0,215,63,146,112,0.67,26,24,23
14,W14_02,156.5,55.9,76.9,22.8,119,80,12.5,89,5.2,211,61,125,107,0.67,17,22,14
14,W14_03,164.1,53.2,76.9,19.7,114,63,13.1,100,5.2,186,42,96,107,0.88,31,23,19
14,W14_04,158.0,60.6,75.5,24.3,116,68,13.7,93,4.8,209,65,91,100,1.08,21,15,17
14,W14_05,165.9,61.1,75.7,22.2,110,72,11.0,85,4.8,186,72,61,91,0.89,21,28,22
14,W14_06,165.5,61.0,77.0,22.3,100,64,12.9,89,4.8,199,65,119,86,0.74,24,25,20
14,W14_07,154.5,51.9,73.9,21.7,112,75,13.6,88,5.2,188,61,68,109,0.8,18,29,19
14,W14_08,157.2,53.9,74.1,21.8,115,72,12.3,95,5.1,190,73,80,80,0.82,22,23,27
14,W14_09,165.3,58.1,76.6,21.3,108,67,13.2,81,5.0,214,58,97,130,1.0,25,8,21
14,W14_10,164.7,61.0,69.7,22.5,102,66,12.4,83,4.8,186,68,89,102,0.71,25,9,21
14,W14_11,152.8,52.7,73.5,22.6,113,74,14.0,83,5.1,175,63,90,109,1.16,21,24,18
14,W14_12,160.5,65.5,70.9,25.4,108,74,13.5,75,5.3,224,59,93,108,0.73,27,16,28
14,W14_13,162.0,59.2,77.3,22.6,133,65,12.3,100,5.3,191,60,122,105,0.87,26,21,16
14,W14_14,161.6,65.0,70.0,24.9,108,62,13.1,87,5.1,182,81,82,90,0.96,22,12,27
14,W14_15,161.5,63.9,76.0,24.5,112,72,13.2,84,4.7,154,50,63,116,0.8,21,17,16
14,W14_16,162.9,55.6,74.1,20.9,105,82,13.6,85,5.3,193,66,137,90,1.01,26,17,12
14,W14_17,156.5,50.7,69.9,20.7,110,74,12.5,88,5.1,157,72,124,125,0.69,13,20,14
14,W14_18,165.1,55.7,73.4,20.4,93,66,11.9,87,5.3,180,75,72,88,1.08,36,18,19
14,W14_19,163.3,61.4,73.1,23.0,117,71,13.1,85,5.1,183,57,100,93,0.74,23,17,9
14,W14_20,174.6,60.8,81.9,20.0,112,68,13.7,68,5.0,206,59,129,105,0.71,25,19,32
14,W14_21,156.4,55.4,76.9,22.6,119,76,12.6,92,4.9,200,70,101,106,0.8,15,14,23
14,W14_22,150.0,53.6,73.3,23.8,100,65,13.2,84,5.2,194,49,90,98,0.95,14,18,19
14,W14_23,165.6,70.8,74.0,25.8,109,69,12.6,99,5.5,200,74,113,117,0.78,22,7,16
14,W14_24,160.9,64.0,75.6,24.7,130,73,13.2,69,5.2,216,85,101,104,0.79,27,20,11
14,W14_25,168.2,56.1,69.9,19.8,103,68,12.9,92,4.8,178,66,126,92,0.62,30,17,15
14,W14_26,153.7,51.3,78.2,21.7,99,70,11.9,77,4.9,170,67,105,91,0.65,22,7,14
14,W14_27,159.2,61.3,76.8,24.2,118,75,13.6,83,5.1,156,59,104,96,0.78,30,18,19
14,W14_28,162.0,59.4,72.8,22.6,113,67,13.1,98,5.3,193,62,87,96,0.65,17,21,28
14,W14_29,159.9,72.9,67.2,28.5,108,69,12.4,87,5.0,186,61,119,112,0.66,15,17,32
14,W14_30,163.0,68.4,67.2,25.7,118,68,13.6,79,4.9,184,64,76,122,0.75,23,15,13
15,W15_01,165.6,57.0,78.4,20.8,111,74,14.0,101,5.2,140,58,91,97,1.2,14,13,18
15,W15_02,167.6,54.3,74.1,19.3,124,77,12.8,81,5.0,181,56,108,99,1.17,22,19,20
15,W15_03,159.8,68.6,72.5,26.9,135,74,12.1,79,5.2,205,59,98,76,0.7,16,17,16
15,W15_04,168.6,56.1,75.0,19.8,135,75,13.0,81,5.2,197,55,92,102,0.83,25,17,18
15,W15_05,166.8,57.3,74.1,20.6,102,67,12.1,88,4.8,189,72,126,106,0.73,25,14,21
15,W15_06,160.2,61.3,69.5,23.9,114,87,12.8,91,5.2,184,66,122,118,0.74,20,22,15
15,W15_07,167.3,56.1,74.2,20.0,97,70,12.7,94,5.2,222,66,98,92,1.39,24,21,10
15,W15_08,161.4,66.2,79.7,25.4,116,67,11.8,94,5.2,151,58,80,110,0.72,23,15,23
15,W15_09,156.8,54.7,74.1,22.2,112,72,12.3,84,5.5,196,79,112,98,0.81,16,10,24
15,W15_10,164.3,51.9,77.3,19.2,113,75,12.1,86,4.8,200,74,63,139,1.15,16,23,25
15,W15_11,161.3,69.8,71.4,26.8,114,76,14.2,87,5.2,180,67,124,126,0.66,29,26,16
15,W15_12,159.0,60.2,79.6,23.8,97,55,13.7,79,5.2,200,51,95,133,0.78,18,15,7
15,W15_13,162.1,61.7,73.7,23.5,107,72,12.7,84,5.1,205,67,70,107,0.68,29,13,21
15,W15_14,159.7,54.5,70.5,21.4,103,64,11.9,102,5.2,186,54,85,84,0.71,16,21,28
15,W15_15,168.1,63.5,69.9,22.5,118,63,13.8,102,5.2,208,63,111,120,0.65,19,24,23
15,W15_16,162.1,47.2,75.4,17.9,123,81,13.2,79,5.1,172,56,91,101,0.71,22,20,18
15,W15_17,160.9,60.2,74.4,23.3,111,70,13.1,77,5.1,197,65,107,109,0.83,14,12,10
15,W15_18,167.0,62.3,76.7,22.3,109,58,12.9,96,5.2,210,63,73,108,0.8,22,15,16
15,W15_19,156.7,48.0,74.7,19.5,115,63,13.4,87,5.0,199,71,79,107,0.73,17,10,16
15,W15_20,165.2,57.3,75.3,21.0,93,72,12.2,90,4.9,197,67,88,133,0.74,22,19,18
15,W15_21,161.9,56.0,78.4,21.3,120,75,12.9,85,5.0,193,70,140,84,0.76,27,13,13
15,W15_22,162.8,69.6,78.2,26.3,107,67,13.2,95,5.1,202,62,85,118,1.19,16,22,21
15,W15_23,167.6,63.5,74.6,22.6,112,74,13.6,92,5.2,210,65,84,90,0.8,24,19,21
15,W15_24,161.0,65.3,80.6,25.2,120,71,13.0,84,4.9,190,67,102,94,1.64,24,19,27
15,W15_25,161.1,68.4,66.9,26.4,99,70,12.8,72,4.9,161,72,92,80,0.86,13,11,23
15,W15_26,165.1,63.8,74.6,23.4,116,76,12.8,78,4.8,201,67,135,113,0.68,21,23,13
15,W15_27,155.0,48.7,74.6,20.3,106,73,13.4,87,5.1,197,67,102,86,0.75,16,12,16
15,W15_28,165.4,59.6,77.7,21.8,117,74,12.5,73,5.0,187,83,117,113,0.83,37,12,13
15,W15_29,159.3,60.7,76.6,23.9,111,63,13.6,91,5.2,165,69,68,91,1.07,25,26,16
15,W15_30,151.4,50.5,73.4,22.0,113,73,12.8,83,4.8,212,62,103,74,0.85,19,21,8
16,W16_01,168.3,64.6,74.9,22.8,110,75,12.5,83,5.0,218,69,126,114,0.66,26,29,25
16,W16_02,169.7,59.9,75.7,20.8,113,60,13.6,96,5.2,176,65,123,94,0.89,16,7,15
16,W16_03,161.0,56.4,76.9,21.8,119,69,13.5,79,5.0,183,61,100,108,0.89,15,29,11
16,W16_04,164.1,60.1,73.8,22.3,132,66,12.7,87,5.3,146,55,100,107,0.96,22,27,17
16,W16_05,158.7,66.4,75.8,26.4,109,76,13.1,83,5.2,188,59,115,101,0.87,21,11,9
16,W16_06,155.7,58.2,74.1,24.0,122,64,10.9,103,5.0,191,66,99,120,0.95,18,13,33
16,W16_07,173.3,58.4,77.7,19.4,118,70,13.9,94,5.2,178,74,89,110,0.83,28,13,21
16,W16_08,166.7,54.9,77.0,19.7,117,75,12.7,86,4.9,200,69,127,122,1.13,20,26,24
16,W16_09,167.7,58.9,76.1,20.9,98,85,12.3,71,4.9,170,64,115,96,0.81,23,19,22
16,W16_10,153.1,52.9,75.9,22.6,118,74,13.4,82,5.3,194,58,79,86,1.02,10,22,18
16,W16_11,166.7,62.8,71.1,22.6,108,73,14.1,85,5.2,205,65,46,120,0.83,15,7,21
16,W16_12,167.5,63.8,69.2,22.7,121,62,12.4,85,5.3,190,52,87,111,0.65,27,14,30
16,W16_13,170.5,49.2,72.2,16.9,97,66,12.2,83,5.1,211,67,109,83,0.87,25,17,8
16,W16_14,169.8,65.6,73.5,22.8,118,55,13.2,87,5.2,178,64,85,102,0.68,23,16,10
16,W16_15,171.6,60.7,71.3,20.6,125,79,12.6,95,4.6,179,69,101,110,0.98,17,17,20
16,W16_16,163.1,64.8,75.9,24.4,104,68,13.3,101,5.1,210,73,105,96,0.7,22,15,21
16,W16_17,152.2,64.8,72.4,28.0,116,70,12.8,84,5.3,198,73,92,81,0.76,13,7,23
16,W16_18,162.9,57.0,69.9,21.5,113,77,11.5,90,5.1,202,65,82,122,0.65,11,12,20
16,W16_19,164.0,53.9,75.0,20.0,109,58,12.4,94,5.2,188,52,94,114,0.81,20,19,19
16,W16_20,160.9,65.4,72.4,25.3,116,75,12.9,91,5.2,178,64,115,80,1.21,12,15,18
16,W16_21,162.3,56.0,70.1,21.2,116,72,12.6,90,5.0,175,58,93,84,0.75,28,14,8
16,W16_22,166.5,54.7,73.5,19.7,107,73,12.9,89,4.9,190,61,103,122,0.89,24,14,26
16,W16_23,159.1,49.8,77.2,19.7,116,62,12.6,95,5.2,215,63,106,92,0.73,18,8,19
16,W16_24,153.1,58.5,72.8,24.9,114,62,12.7,80,5.2,183,73,108,125,0.97,23,26,18
16,W16_25,164.8,63.0,76.5,23.2,113,71,12.1,78,4.9,182,56,119,96,0.82,20,17,7
16,W16_26,160.1,65.8,75.9,25.7,115,61,12.2,92,4.9,206,73,92,127,0.77,32,16,18
16,W16_27,170.6,54.0,74.5,18.5,100,73,13.3,93,5.3,199,44,104,107,0.73,33,21,8
16,W16_28,163.4,63.7,71.3,23.9,106,81,12.3,89,5.1,189,74,97,100,0.68,15,23,16
16,W16_29,163.4,59.1,69.3,22.1,108,65,12.3,79,5.0,141,64,100,89,0.78,34,13,7
16,W16_30,156.1,61.8,71.7,25.4,106,77,12.2,91,4.8,192,73,117,115,0.86,18,29,13
17,W17_01,156.6,55.2,78.7,22.5,115,70,12.3,75,5.3,185,72,99,129,0.99,25,19,18
17,W17_02,163.2,70.3,69.4,26.4,121,77,12.2,84,5.4,176,72,87,119,1.26,15,18,26
17,W17_03,159.8,53.0,77.4,20.8,114,60,14.2,84,5.1,193,60,113,110,0.79,18,15,23
17,W17_04,162.7,67.1,72.6,25.3,109,69,12.2,89,4.8,204,65,128,103,0.8,22,12,27
17,W17_05,164.4,47.5,72.8,17.6,119,68,13.3,90,5.0,172,80,122,134,0.7,19,15,11
17,W17_06,158.5,71.0,72.2,28.2,119,69,13.0,86,5.1,219,66,92,134,0.99,25,19,15
17,W17_07,158.2,57.3,76.5,22.9,115,69,12.5,101,4.9,219,62,113,120,1.4,13,12,18
17,W17_08,173.4,75.0,74.6,24.9,100,60,12.8,86,5.0,158,70,108,78,0.64,23,18,13
17,W17_09,169.7,64.1,71.0,22.3,113,60,12.7,96,5.1,183,72,73,104,0.77,24,12,16
17,W17_10,163.2,49.4,71.7,18.6,106,77,12.5,88,5.1,186,54,118,91,0.92,20,9,28
17,W17_11,163.6,61.6,73.0,23.0,111,64,11.8,86,5.1,215,59,48,103,0.76,23,16,12
17,W17_12,157.8,54.2,69.8,21.8,102,72,12.8,80,5.0,196,54,108,127,1.05,22,15,14
17,W17_13,172.1,57.3,70.5,19.3,113,59,13.0,79,5.2,207,48,110,129,0.85,19,14,16
17,W17_14,153.5,60.5,67.9,25.7,108,73,12.4,91,5.2,196,66,83,91,0.78,20,17,23
17,W17_15,165.6,65.0,70.9,23.7,107,63,12.7,92,5.2,224,61,88,101,1.09,26,17,19
17,W17_16,159.9,59.2,69.1,23.2,127,75,13.5,85,4.9,223,62,107,100,0.81,19,21,15
17,W17_17,155.9,56.0,71.9,23.0,108,71,13.2,82,5.6,205,62,98,108,1.16,28,18,19
17,W17_18,151.7,66.5,71.5,28.9,117,68,13.3,96,5.1,185,57,112,135,0.79,25,18,15
17,W17_19,155.7,57.1,71.5,23.6,106,66,12.0,96,5.2,160,68,141,114,0.86,18,18,19
17,W17_20,164.5,65.8,68.6,24.3,105,68,12.3,83,5.3,185,78,122,103,0.86,26,18,26
17,W17_21,162.6,56.1,76.2,21.2,118,78,11.9,84,5.3,198,60,119,119,1.02,21,22,16
17,W17_22,160.4,69.2,80.6,26.9,100,69,12.4,81,5.2,180,43,51,92,0.81,21,21,22
17,W17_23,162.8,68.6,75.4,25.9,111,67,12.8,87,5.3,173,73,93,92,0.72,21,17,21
17,W17_24,159.4,61.5,72.6,24.2,121,78,12.7,108,5.3,170,69,85,125,0.9,23,12,14
17,W17_25,160.5,59.1,75.7,22.9,104,69,12.7,90,5.3,167,65,114,92,0.68,29,15,11
17,W17_26,159.8,60.1,75.7,23.5,115,67,13.3,82,5.4,200,70,66,103,0.85,25,15,21
17,W17_27,170.8,52.0,74.7,17.8,114,65,12.6,97,4.9,175,76,99,112,1.51,24,20,23
17,W17_28,156.9,58.8,72.9,23.9,103,64,12.9,85,5.0,187,50,115,97,0.59,23,10,19
17,W17_29,164.7,54.2,76.6,20.0,92,73,13.3,84,4.9,186,78,130,79,1.4,17,13,27
17,W17_30,160.7,52.2,75.8,20.2,114,62,12.1,85,5.1,212,49,114,131,0.71,23,17,15
18,W18_01,158.9,63.9,72.9,25.3,119,70,11.8,91,5.2,194,71,86,146,0.75,31,23,25
18,W18_02,153.9,64.2,76.5,27.1,114,67,13.0,83,5.2,166,76,102,88,0.71,23,18,16
18,W18_03,160.8,51.5,74.1,19.9,110,66,12.3,89,5.1,197,68,81,107,1.26,20,14,18
18,W18_04,163.7,61.2,79.7,22.8,114,79,12.4,89,5.1,210,65,121,106,0.89,18,20,17
18,W18_05,156.3,70.7,75.8,28.9,115,83,12.2,84,4.8,222,70,140,127,0.75,15,17,17
18,W18_06,162.5,78.6,74.8,29.8,111,74,12.8,88,4.9,203,75,124,102,0.84,21,16,20
18,W18_07,157.4,51.6,67.8,20.8,111,67,12.8,85,5.2,174,64,94,117,1.33,24,25,22
18,W18_08,158.2,64.5,74.4,25.8,109,69,13.1,96,5.2,170,71,101,118,1.04,21,14,17
18,W18_09,160.0,65.5,72.9,25.6,108,75,11.5,78,5.4,205,55,77,98,0.81,23,12,17
18,W18_10,164.9,70.8,72.8,26.0,99,72,12.8,70,5.3,205,67,112,89,0.7,28,14,8
18,W18_11,150.0,58.4,78.8,26.0,101,71,12.5,91,5.3,200,67,132,112,0.8,20,7,12
18,W18_12,158.1,61.7,75.6,24.7,115,68,13.5,84,4.8,172,46,70,105,0.74,22,17,13
18,W18_13,160.5,57.4,74.7,22.3,115,68,12.7,86,4.9,186,76,142,110,1.02,18,18,20
18,W18_14,164.5,68.5,73.0,25.3,118,75,12.9,88,4.9,185,44,62,100,0.8,27,10,17
18,W18_15,164.7,59.5,76.0,21.9,105,61,13.0,91,5.4,203,67,85,123,1.19,20,21,18
18,W18_16,165.5,59.9,72.7,21.9,116,66,13.5,85,5.0,167,76,93,88,0.92,29,21,17
18,W18_17,162.6,66.6,72.3,25.2,120,64,13.8,87,5.0,164,76,67,121,0.89,16,16,25
18,W18_18,166.4,50.0,72.4,18.0,111,75,12.7,90,5.1,180,76,101,109,0.9,20,17,7
18,W18_19,172.6,70.8,83.2,23.8,116,61,11.8,82,5.2,213,55,108,103,1.51,25,16,14
18,W18_20,164.5,49.7,79.8,18.4,118,71,13.0,90,5.2,206,66,108,137,0.77,34,16,17
18,W18_21,164.5,67.7,74.6,25.0,109,70,12.8,88,5.1,183,70,117,137,0.75,23,16,16
18,W18_22,152.1,65.4,71.9,28.3,105,78,13.1,95,5.0,176,64,88,104,0.8,26,16,12
18,W18_23,166.7,59.4,74.6,21.4,114,73,11.8,79,4.7,196,72,132,118,0.75,18,24,26
18,W18_24,166.8,56.0,77.4,20.1,100,76,13.0,83,5.1,207,59,97,77,0.69,23,21,15
18,W18_25,160.0,47.8,77.4,18.7,104,57,11.9,86,5.2,198,79,135,133,0.86,13,13,17
18,W18_26,150.9,54.1,76.5,23.8,119,68,13.3,95,4.9,192,67,114,98,0.91,27,17,25
18,W18_27,166.8,67.3,77.3,24.2,107,62,12.9,92,5.0,171,68,64,108,0.88,15,18,15
18,W18_28,162.7,47.7,78.4,18.0,109,64,13.9,93,5.2,184,62,83,106,0.82,27,13,20
18,W18_29,162.1,59.3,73.4,22.6,115,67,11.9,91,5.1,182,76,117,95,1.17,25,20,27
18,W18_30,163.6,61.0,75.3,22.8,113,73,12.1,84,5.1,169,64,91,136,0.86,23,26,9
19,W19_01,154.2,62.8,75.4,26.4,99,65,12.8,88,5.3,206,77,120,108,0.97,17,22,16
19,W19_02,155.9,60.5,76.8,24.9,113,72,14.0,84,5.1,216,58,112,115,0.9,20,26,16
19,W19_03,165.2,66.5,72.0,24.4,107,70,12.8,104,5.3,198,71,77,122,0.91,24,14,18
19,W19_04,155.0,51.8,76.9,21.6,114,72,12.6,84,5.4,224,70,84,130,0.68,28,21,14
19,W19_05,153.7,60.7,75.3,25.7,119,71,13.0,89,4.7,171,55,116,90,0.76,33,22,17
19,W19_06,167.3,65.2,78.5,23.3,111,62,12.6,84,5.2,211,73,123,117,0.94,21,16,25
19,W19_07,150.8,65.9,74.4,29.0,115,86,12.5,86,5.3,214,78,132,108,0.9,26,21,14
19,W19_08,163.7,57.4,67.5,21.4,102,70,12.8,83,4.9,198,65,122,119,1.17,27,16,22
19,W19_09,156.5,69.9,70.1,28.5,116,69,11.9,92,4.9,197,55,112,75,1.17,24,17,12
19,W19_10,163.5,63.3,76.4,23.7,114,69,13.8,93,5.1,204,60,107,121,0.96,17,13,17
19,W19_11,162.5,73.4,74.4,27.8,108,64,13.9,82,4.9,208,81,118,98,0.75,19,19,21
19,W19_12,154.4,58.2,79.3,24.4,123,66,11.8,85,5.2,183,63,86,109,0.8,21,18,16
19,W19_13,151.7,56.6,72.7,24.6,131,62,12.7,95,5.1,169,63,97,84,1.01,21,16,20
19,W19_14,155.1,62.0,74.5,25.8,108,72,14.0,93,4.7,198,73,108,85,0.83,18,9,15
19,W19_15,164.3,55.2,72.5,20.4,110,65,12.6,88,5.1,196,75,130,92,0.86,18,25,19
19,W19_16,155.7,57.3,81.5,23.6,97,79,13.2,83,5.0,191,63,135,121,0.71,27,22,28
19,W19_17,162.5,56.7,78.0,21.5,111,69,12.0,93,5.0,193,56,68,125,0.9,19,25,18
19,W19_18,161.9,50.8,77.2,19.4,115,70,11.9,81,5.1,199,37,99,109,0.99,19,18,16
19,W19_19,160.2,70.0,72.7,27.3,111,74,13.0,84,5.0,192,45,151,108,0.76,18,8,18
19,W19_20,166.6,59.7,73.6,21.5,107,83,11.9,83,5.2,224,66,84,101,0.92,29,24,21
19,W19_21,162.6,62.9,79.3,23.8,113,72,12.6,81,5.2,190,68,103,118,0.7,16,30,21
19,W19_22,156.4,68.3,76.5,27.9,101,79,12.7,83,5.3,203,75,75,116,1.16,26,20,7
19,W19_23,158.4,74.8,76.6,29.8,106,71,12.3,82,5.2,212,47,67,101,0.79,30,18,27
19,W19_24,162.1,54.3,82.4,20.7,121,65,12.8,87,4.9,205,71,100,89,1.07,21,22,14
19,W19_25,168.4,51.1,79.8,18.0,114,70,13.0,85,5.5,188,62,82,106,1.02,21,21,21
19,W19_26,157.8,53.0,77.5,21.3,117,63,12.6,86,5.0,193,68,78,116,1.02,26,21,15
19,W19_27,162.4,58.0,74.0,22.0,120,71,13.1,100,5.1,208,80,114,123,0.75,24,21,18
19,W19_28,161.7,59.8,76.9,22.9,99,64,12.5,96,4.8,190,71,91,92,1.13,21,21,12
19,W19_29,164.9,60.0,70.2,22.1,108,88,12.6,94,5.3,181,79,106,114,1.14,23,8,29
19,W19_30,178.0,54.8,71.3,17.3,108,66,12.8,82,5.0,221,75,122,94,0.87,24,25,7
20,W20_01,168.2,57.0,69.7,20.2,121,78,13.2,91,4.8,201,74,127,88,0.89,25,19,21
20,W20_02,164.7,51.5,68.8,19.0,100,73,14.0,82,5.1,192,61,119,121,0.76,24,22,21
20,W20_03,161.1,51.3,72.0,19.8,125,74,13.3,76,5.0,177,57,84,102,1.1,17,21,18
20,W20_04,166.8,71.4,72.6,25.7,127,64,13.5,87,5.6,193,64,114,122,0.86,10,24,22
20,W20_05,170.3,49.4,69.7,17.0,121,63,11.6,99,5.1,201,70,89,103,1.63,24,21,18
20,W20_06,162.6,73.4,68.5,27.8,114,67,11.6,88,5.1,182,74,89,106,0.84,30,9,18
20,W20_07,154.5,75.0,74.2,31.4,106,66,12.5,88,4.9,192,65,86,118,1.37,17,21,17
20,W20_08,168.7,57.7,72.3,20.3,105,64,12.9,88,5.0,194,70,53,105,0.76,19,10,12
20,W20_09,166.2,49.4,74.3,17.9,100,69,13.1,79,5.2,216,53,136,103,0.8,23,18,21
20,W20_10,165.7,73.9,70.8,26.9,109,62,13.5,92,5.2,184,64,114,114,0.89,33,14,19
20,W20_11,160.7,65.1,71.2,25.2,110,67,12.7,73,5.0,195,63,100,104,0.68,18,19,19
20,W20_12,168.2,63.8,68.7,22.6,105,70,13.3,95,5.1,220,68,120,115,0.69,32,29,22
20,W20_13,157.4,71.2,74.3,28.7,108,68,12.0,95,5.0,216,62,149,117,0.77,23,18,17
20,W20_14,157.8,60.0,77.0,24.1,126,55,12.3,95,5.4,184,60,104,104,0.89,14,17,16
20,W20_15,165.1,59.3,73.6,21.8,109,63,13.2,95,4.9,161,84,60,114,0.87,23,14,15
20,W20_16,157.4,54.5,75.7,22.0,115,65,13.0,83,5.2,178,76,85,95,0.95,22,21,16
20,W20_17,163.9,59.3,75.1,22.1,101,76,13.3,95,5.2,227,60,110,122,0.68,23,16,17
20,W20_18,150.7,60.9,75.2,26.8,111,72,12.8,97,4.8,240,66,86,119,1.03,27,22,23
20,W20_19,156.8,66.3,74.3,27.0,112,56,12.4,85,5.0,193,66,111,106,0.71,25,19,19
20,W20_20,162.7,68.2,76.2,25.8,109,80,13.3,92,5.0,179,59,73,96,0.81,25,25,12
20,W20_21,155.8,57.0,75.6,23.5,104,61,12.8,101,5.2,183,81,137,113,0.83,28,18,24
20,W20_22,160.5,62.6,70.9,24.3,128,67,12.8,91,5.1,198,72,109,111,0.73,22,14,13
20,W20_23,154.3,66.0,80.5,27.7,122,69,12.7,79,4.9,168,63,104,112,1.72,17,25,27
20,W20_24,157.9,53.5,79.4,21.5,106,70,12.0,91,5.0,186,58,99,127,0.73,24,18,23
20,W20_25,161.4,63.5,72.3,24.4,111,61,13.7,98,4.9,173,68,108,82,0.9,21,19,21
20,W20_26,156.3,67.7,75.7,27.7,114,75,13.0,87,4.9,213,58,119,95,0.77,25,10,22
20,W20_27,164.7,48.0,72.4,17.7,107,72,12.0,96,5.0,177,80,72,132,0.72,17,17,17
20,W20_28,174.8,57.5,71.8,18.8,116,72,13.9,80,4.9,177,67,108,90,0.66,21,14,20
20,W20_29,158.7,67.2,76.0,26.7,116,77,12.9,93,5.0,208,64,94,132,0.74,21,24,17
20,W20_30,160.3,59.8,71.8,23.3,110,69,12.1,99,5.1,189,69,117,102,0.8,24,18,15
21,W21_01,169.3,54.3,76.0,18.9,91,69,13.6,80,5.3,198,65,126,104,0.88,21,19,20
21,W21_02,169.6,51.2,75.8,17.8,113,66,12.8,84,5.1,207,68,114,133,1.07,12,24,15
21,W21_03,162.2,66.5,72.1,25.3,112,70,13.3,94,5.3,208,62,134,116,0.76,28,13,20
21,W21_04,160.9,54.0,75.7,20.9,115,68,12.3,109,5.1,185,65,142,151,0.81,25,21,17
21,W21_05,159.1,62.3,76.5,24.6,114,61,14.0,83,4.9,187,56,86,138,0.8,26,12,17
21,W21_06,160.6,49.2,78.5,19.1,109,73,13.0,96,4.9,168,55,101,131,0.87,26,13,19
21,W21_07,161.7,70.9,75.2,27.1,116,70,12.8,88,5.3,202,60,139,128,0.8,19,24,21
21,W21_08,159.1,64.6,71.4,25.5,111,63,13.0,89,4.7,227,54,80,105,1.17,25,18,15
21,W21_09,162.0,65.4,72.4,24.9,116,69,13.2,93,5.0,182,68,123,104,0.86,18,27,16
21,W21_10,161.9,62.0,76.1,23.7,118,71,13.2,85,5.3,204,68,85,120,1.0,27,18,12
21,W21_11,164.1,62.0,76.7,23.0,116,70,12.7,80,5.2,212,75,72,117,1.05,28,21,22
21,W21_12,164.9,64.9,73.8,23.9,111,63,13.0,77,5.0,216,56,109,90,0.97,28,21,13
21,W21_13,153.5,59.0,74.0,25.0,106,74,12.7,84,5.1,192,49,80,87,0.7,27,24,25
21,W21_14,163.4,60.4,75.2,22.6,101,66,13.3,99,5.0,199,60,111,122,0.96,17,11,14
21,W21_15,165.7,64.1,74.3,23.3,110,83,12.7,93,5.0,164,80,106,119,1.03,21,12,14
21,W21_16,160.1,64.1,82.7,25.0,102,72,12.8,86,5.2,209,68,119,101,0.82,20,20,17
21,W21_17,154.4,68.8,74.7,28.8,101,67,12.8,93,4.9,196,65,93,83,0.68,30,17,17
21,W21_18,156.4,53.1,76.0,21.7,122,67,12.8,76,5.2,168,59,98,117,0.84,14,23,20
21,W21_19,154.6,52.0,71.8,21.8,123,69,11.8,101,5.2,186,65,121,83,0.74,25,21,11
21,W21_20,163.6,54.0,73.4,20.2,122,80,12.4,101,5.0,192,62,102,120,0.77,23,16,17
21,W21_21,154.4,62.3,74.8,26.1,112,68,12.2,99,5.2,194,74,97,102,1.02,24,13,25
21,W21_22,158.0,55.2,71.1,22.1,112,72,13.0,97,5.1,180,63,112,124,0.98,31,25,16
21,W21_23,167.6,62.3,77.3,22.2,125,62,13.0,97,5.4,180,54,146,99,1.0,21,19,19
21,W21_24,155.4,56.5,75.7,23.4,110,74,13.2,81,5.0,233,67,112,103,1.08,30,25,24
21,W21_25,166.5,57.1,77.8,20.6,97,69,12.3,93,5.2,203,72,124,104,1.15,26,25,11
21,W21_26,158.3,62.7,79.0,25.0,109,87,12.3,85,5.4,216,70,112,106,0.8,18,11,21
21,W21_27,159.3,59.7,68.8,23.5,117,65,12.0,90,5.3,204,60,123,121,0.74,28,22,22
21,W21_28,153.9,64.1,75.2,27.0,115,70,11.9,97,4.8,190,79,154,103,0.86,23,9,15
21,W21_29,157.2,50.9,80.3,20.6,101,79,13.0,80,5.0,230,62,115,105,0.76,20,18,14
21,W21_30,162.0,56.8,73.9,21.7,111,62,12.2,91,5.5,205,76,116,102,0.84,22,20,24
22,W22_01,163.4,59.6,76.2,22.3,115,72,13.0,85,5.1,221,56,116,114,0.91,26,18,11
22,W22_02,170.1,70.7,77.1,24.5,120,55,12.4,97,5.3,182,61,76,130,1.06,15,8,14
22,W22_03,161.5,55.7,78.4,21.4,98,68,13.2,83,5.1,173,85,128,132,0.75,21,14,23
22,W22_04,154.7,55.0,74.1,23.0,109,64,13.6,101,5.1,173,75,102,157,0.73,20,17,19
22,W22_05,163.0,59.5,72.1,22.4,115,80,12.8,87,5.1,214,72,77,136,0.76,24,14,17
22,W22_06,158.5,59.4,76.8,23.6,104,68,13.4,90,5.3,203,51,70,121,0.81,31,24,29
22,W22_07,161.2,49.3,80.0,19.0,112,61,12.4,91,4.9,213,60,93,125,1.38,24,21,25
22,W22_08,167.0,58.9,70.5,21.1,116,73,13.4,88,5.1,208,65,90,90,0.92,25,10,20
22,W22_09,155.6,56.4,72.5,23.3,100,64,12.5,82,5.1,193,69,87,102,0.79,34,11,20
22,W22_10,152.8,54.2,72.7,23.2,110,78,12.5,80,5.3,193,64,106,113,0.81,24,18,12
22,W22_11,156.5,67.0,74.5,27.4,111,74,12.6,96,5.0,185,66,99,92,0.87,16,26,20
22,W22_12,154.9,48.6,74.2,20.3,113,69,12.7,99,5.0,194,84,97,109,0.95,22,17,20
22,W22_13,166.0,64.1,76.8,23.3,121,60,13.0,85,4.7,231,85,87,103,0.82,32,16,18
22,W22_14,173.3,71.5,78.0,23.8,112,79,13.4,100,5.2,218,64,122,107,0.89,16,19,11
22,W22_15,170.1,54.7,74.9,18.9,104,85,13.0,104,5.0,158,74,108,124,1.24,17,15,20
22,W22_16,166.8,79.5,69.8,28.6,113,57,12.7,100,5.0,205,67,140,85,1.06,17,13,21
22,W22_17,162.4,61.1,76.8,23.2,125,70,13.5,71,5.0,203,83,102,108,0.75,22,15,19
22,W22_18,158.4,72.7,74.8,29.0,97,76,12.5,86,4.9,209,67,107,105,0.73,21,21,17
22,W22_19,155.1,73.3,75.9,30.4,118,70,12.9,92,5.3,215,55,123,129,0.74,28,20,12
22,W22_20,162.5,62.9,74.1,23.8,111,73,12.3,93,5.1,198,65,104,107,0.81,25,23,20
22,W22_21,165.9,64.4,76.0,23.4,114,70,12.9,99,5.2,182,59,101,116,0.66,32,17,16
22,W22_22,168.6,67.3,73.1,23.7,109,68,11.5,80,5.4,191,55,90,119,1.0,23,25,19
22,W22_23,162.1,69.1,73.3,26.3,119,67,13.2,93,5.3,222,56,88,90,0.79,13,15,19
22,W22_24,170.9,58.2,73.2,19.9,122,82,13.1,91,5.2,204,71,112,109,1.51,24,19,20
22,W22_25,166.7,63.4,75.3,22.8,108,74,13.5,84,5.2,204,61,106,109,0.8,12,18,24
22,W22_26,156.5,51.9,71.3,21.2,127,70,12.5,91,4.7,179,63,80,109,1.2,12,23,19
22,W22_27,157.5,53.6,75.8,21.6,110,82,13.2,88,5.0,238,72,171,131,0.84,24,20,27
22,W22_28,160.4,59.8,71.3,23.3,118,71,12.6,92,4.9,198,74,132,115,0.95,18,14,14
22,W22_29,152.7,65.5,68.3,28.1,106,73,11.7,90,5.2,210,61,87,111,0.91,13,27,19
22,W22_30,155.7,47.8,73.5,19.7,124,64,11.9,87,4.8,157,80,128,112,0.8,23,10,17
23,W23_01,166.3,82.1,75.7,29.7,111,73,13.0,92,5.1,179,73,142,116,1.01,18,9,15
23,W23_02,160.4,62.9,73.3,24.4,124,68,12.2,96,5.3,204,48,60,103,1.12,26,16,17
23,W23_03,160.3,61.1,74.0,23.8,107,70,12.7,99,5.2,192,56,86,95,0.66,27,7,14
23,W23_04,170.1,60.5,79.9,20.9,108,78,12.9,78,5.0,195,62,111,115,0.88,25,26,15
23,W23_05,162.2,59.9,76.5,22.8,112,73,13.0,89,4.8,187,55,129,103,0.99,24,18,21
23,W23_06,167.4,61.3,74.4,21.9,108,71,13.2,94,4.9,180,70,126,100,0.8,23,15,7
23,W23_07,159.0,65.6,76.7,25.9,116,78,12.5,91,4.9,201,60,157,119,1.06,22,16,20
23,W23_08,164.5,66.7,77.7,24.6,104,78,12.4,85,5.1,182,51,108,118,0.86,21,19,19
23,W23_09,159.6,58.3,69.5,22.9,110,83,11.7,88,5.0,211,68,97,104,1.18,12,18,16
23,W23_10,161.0,71.1,73.7,27.4,111,66,14.0,92,5.1,192,76,136,119,1.61,18,15,26
23,W23_11,167.9,58.6,80.0,20.8,116,82,11.9,83,5.1,210,55,118,112,0.74,15,22,17
23,W23_12,162.4,50.8,76.3,19.3,121,63,13.2,88,4.9,223,75,125,127,1.39,21,27,25
23,W23_13,161.7,61.4,77.1,23.5,113,69,12.5,94,5.1,199,71,106,84,0.98,10,25,20
23,W23_14,161.8,70.9,74.9,27.1,128,72,12.1,86,5.1,211,75,127,88,0.85,26,21,16
23,W23_15,168.1,68.5,76.3,24.3,107,66,13.8,81,5.5,228,71,133,130,0.82,23,18,15
23,W23_16,153.6,69.7,77.0,29.6,102,62,13.0,97,5.2,204,69,55,98,0.79,19,23,24
23,W23_17,163.8,60.9,75.3,22.7,97,65,12.5,94,4.9,182,81,95,87,0.69,22,18,8
23,W23_18,158.2,50.0,76.6,20.0,116,73,11.6,82,5.3,231,80,122,120,0.82,27,18,12
23,W23_19,164.4,66.9,73.9,24.8,101,70,13.0,84,5.0,185,64,119,123,0.77,17,12,18
23,W23_20,153.9,62.2,79.1,26.2,114,68,12.6,98,5.6,189,57,92,118,1.08,17,29,18
23,W23_21,158.9,72.9,70.9,28.9,126,68,12.1,86,5.2,216,78,65,112,0.77,14,26,7
23,W23_22,162.4,55.0,72.8,20.8,113,75,12.3,101,5.1,235,72,128,116,1.43,25,24,23
23,W23_23,158.7,61.6,78.1,24.5,119,70,13.4,87,5.3,208,58,112,126,0.98,23,14,23
23,W23_24,150.0,62.5,82.1,27.8,103,55,12.1,89,5.2,201,73,128,92,0.7,13,17,28
23,W23_25,172.1,63.2,72.4,21.3,106,71,12.8,87,5.3,227,67,102,105,0.91,20,23,16
23,W23_26,177.0,54.7,75.2,17.5,120,80,12.7,98,5.1,221,50,138,95,0.86,27,10,11
23,W23_27,163.8,72.8,76.1,27.1,107,72,12.4,92,5.3,179,74,87,103,1.48,22,21,8
23,W23_28,164.5,61.0,75.8,22.6,118,66,12.4,81,5.1,172,64,138,107,0.92,19,27,15
23,W23_29,163.3,54.5,79.6,20.4,124,72,12.0,91,4.9,202,63,112,120,0.81,24,13,20
23,W23_30,168.6,68.3,75.3,24.0,112,71,13.0,83,4.8,205,77,78,118,0.81,23,20,21
24,W24_01,158.4,67.3,75.6,26.8,106,67,13.6,79,4.9,169,71,146,107,0.84,19,18,21
24,W24_02,151.7,64.5,73.4,28.1,110,68,12.3,94,5.1,217,75,101,118,0.78,26,18,23
24,W24_03,154.7,61.3,74.5,25.6,125,63,13.2,89,5.1,207,56,108,123,0.83,30,10,17
24,W24_04,158.1,69.3,68.2,27.7,112,70,12.8,85,4.9,179,46,129,112,0.98,29,17,10
24,W24_05,160.5,57.6,74.9,22.4,115,70,12.9,97,5.1,199,66,87,93,0.95,18,15,17
24,W24_06,161.4,59.0,76.1,22.6,113,83,12.4,90,5.5,202,58,87,131,0.92,22,17,18
24,W24_07,159.5,48.2,77.7,19.0,133,64,12.6,95,5.2,218,56,90,111,1.41,16,15,28
24,W24_08,167.5,72.3,78.1,25.8,116,82,12.6,88,5.0,203,61,82,112,0.87,21,20,22
24,W24_09,159.5,61.0,75.5,24.0,111,70,12.5,86,5.0,185,58,98,104,1.22,34,24,23
24,W24_10,156.6,55.0,80.5,22.4,99,72,12.7,95,5.3,192,75,89,125,1.16,24,13,19
24,W24_11,171.6,55.2,75.9,18.8,107,74,12.8,96,5.3,221,66,106,105,0.75,20,17,23
24,W24_12,161.8,75.7,77.9,28.9,107,82,12.9,92,4.7,170,55,92,107,0.78,26,25,16
24,W24_13,168.3,70.4,71.2,24.9,123,68,13.7,83,4.9,193,62,121,118,1.09,27,13,29
24,W24_14,164.0,61.6,75.0,22.9,122,61,13.1,103,5.1,191,61,119,102,0.78,19,24,18
24,W24_15,167.9,73.4,75.2,26.0,104,77,13.2,90,4.7,200,72,109,121,0.81,24,24,19
24,W24_16,164.6,61.5,77.6,22.7,122,68,12.5,93,5.3,190,57,120,119,0.73,22,21,16
24,W24_17,173.8,58.7,81.4,19.4,112,78,12.9,101,5.0,212,73,95,104,0.79,30,14,19
24,W24_18,150.0,53.8,78.9,23.9,106,67,13.2,83,4.9,203,54,119,101,1.03,23,23,7
24,W24_19,162.0,62.0,71.2,23.6,111,72,11.7,79,4.9,218,71,160,108,0.94,17,16,27
24,W24_20,164.9,57.3,72.7,21.1,135,65,13.0,87,5.2,179,61,104,109,0.79,19,17,23
24,W24_21,150.5,63.2,80.5,27.9,107,69,12.0,82,5.0,196,75,114,108,0.74,30,15,7
24,W24_22,160.7,64.9,70.2,25.1,103,71,12.3,81,5.1,171,48,118,105,0.9,25,14,26
24,W24_23,171.3,71.7,80.4,24.4,106,71,12.1,89,5.1,210,58,105,117,1.39,26,10,23
24,W24_24,157.1,51.0,75.7,20.7,113,71,12.6,86,5.4,251,66,103,85,0.9,22,25,16
24,W24_25,168.4,77.7,74.8,27.4,104,85,12.7,90,5.0,210,56,117,94,0.96,14,27,11
24,W24_26,150.5,56.6,78.6,25.0,119,76,12.9,80,5.1,206,71,123,114,0.83,21,20,24
24,W24_27,158.6,61.2,77.9,24.3,104,77,12.8,85,4.9,225,61,118,117,1.22,25,22,17
24,W24_28,167.7,51.6,75.6,18.3,110,61,12.3,77,5.0,201,79,136,120,0.82,29,24,20
24,W24_29,166.2,60.0,76.6,21.7,122,72,12.3,100,5.0,194,57,114,116,0.9,23,27,17
24,W24_30,159.8,59.2,77.7,23.2,109,73,13.1,88,5.1,200,59,120,132,1.0,19,23,10
25,W25_01,157.3,69.0,76.2,27.9,102,71,12.8,95,5.1,184,77,124,119,0.79,21,18,13
25,W25_02,157.4,62.2,77.2,25.1,100,64,12.7,91,5.1,212,70,97,111,1.49,23,17,17
25,W25_03,167.3,51.5,75.6,18.4,113,70,13.9,87,5.2,246,64,108,97,0.87,23,23,15
25,W25_04,177.1,62.1,72.3,19.8,114,65,12.8,85,5.1,190,62,153,114,0.82,20,13,11
25,W25_05,160.3,69.4,74.9,27.0,126,57,13.9,90,4.9,179,77,120,133,0.84,31,30,17
25,W25_06,171.2,70.6,79.8,24.1,112,66,12.9,95,5.1,197,67,122,98,1.16,17,17,18
25,W25_07,156.4,68.6,74.3,28.0,121,64,13.1,91,5.0,230,68,105,130,0.85,22,14,21
25,W25_08,150.0,60.6,78.5,27.0,102,75,13.1,81,5.5,215,63,101,135,0.92,28,20,15
25,W25_09,160.2,58.4,78.3,22.8,115,60,12.3,88,4.9,227,75,106,82,0.8,21,12,9
25,W25_10,162.1,55.0,74.4,20.9,96,87,13.6,82,5.4,239,63,131,95,0.74,19,20,14
25,W25_11,156.6,70.7,79.4,28.8,114,73,11.6,89,5.0,190,74,139,104,0.82,20,7,21
25,W25_12,152.9,72.4,73.6,31.0,116,64,11.7,80,4.9,198,61,105,104,0.8,25,8,17
25,W25_13,152.7,62.5,79.9,26.8,116,75,12.9,89,5.1,172,67,105,93,0.89,26,20,10
25,W25_14,166.7,65.5,72.4,23.6,120,66,12.0,93,5.1,205,66,82,108,0.74,19,10,21
25,W25_15,159.7,62.3,76.0,24.4,90,64,13.1,90,5.0,176,68,104,103,0.89,21,15,13
25,W25_16,156.0,59.3,73.3,24.4,116,74,12.4,74,4.9,202,63,109,129,0.98,26,12,19
25,W25_17,167.0,60.9,76.3,21.8,118,66,12.2,94,5.3,177,71,125,121,0.86,20,12,13
25,W25_18,158.9,53.8,81.7,21.3,108,81,13.1,96,5.1,218,78,141,79,1.18,23,11,19
25,W25_19,165.7,59.9,78.2,21.8,116,71,12.6,88,5.2,202,80,126,117,1.13,19,17,21
25,W25_20,158.0,63.1,80.5,25.3,113,62,12.9,85,5.1,188,83,141,120,0.93,19,17,21
25,W25_21,166.6,55.6,78.3,20.0,113,78,12.9,99,4.7,225,63,112,134,1.27,24,22,19
25,W25_22,165.4,52.6,83.6,19.2,122,75,12.5,102,4.9,195,82,118,87,0.72,25,20,18
25,W25_23,171.8,65.6,70.8,22.2,120,65,13.6,84,5.0,231,72,147,117,0.89,25,21,16
25,W25_24,152.8,64.0,77.0,27.4,120,71,11.6,90,5.2,188,80,120,103,0.93,23,15,17
25,W25_25,168.6,63.0,71.9,22.2,116,71,12.4,93,5.0,169,78,126,137,0.86,18,21,18
25,W25_26,169.0,52.7,73.0,18.5,102,67,12.4,82,5.0,223,74,109,119,0.72,21,22,22
25,W25_27,167.7,66.8,72.0,23.8,119,67,12.6,79,4.9,192,58,114,111,1.62,27,12,20
25,W25_28,165.7,55.3,76.3,20.2,111,89,12.4,90,5.3,189,70,118,111,0.75,17,16,17
25,W25_29,161.4,52.8,77.0,20.3,111,78,12.3,83,5.2,212,74,121,149,1.14,15,19,20
25,W25_30,161.6,61.8,79.9,23.7,132,72,12.4,98,5.2,214,65,146,110,0.73,25,15,19
26,W26_01,161.5,65.9,77.2,25.2,118,78,11.6,76,5.2,205,67,97,97,0.92,32,16,23
26,W26_02,160.7,73.7,80.2,28.5,123,68,13.8,82,5.0,188,61,116,128,1.12,22,29,19
26,W26_03,161.8,70.0,72.3,26.7,99,72,12.2,100,5.2,203,65,138,101,1.09,27,13,20
26,W26_04,155.7,51.7,75.2,21.3,104,73,13.4,94,5.3,183,63,130,103,0.78,25,10,22
26,W26_05,164.5,65.7,80.6,24.3,119,62,12.6,84,5.1,191,62,126,116,0.97,15,13,20
26,W26_06,172.0,63.3,73.6,21.4,121,72,12.9,96,5.2,213,63,114,97,0.68,31,11,14
26,W26_07,159.8,51.3,77.3,20.1,105,70,12.4,86,5.3,208,65,107,124,1.15,12,21,13
26,W26_08,165.1,62.1,75.3,22.8,113,64,11.9,88,5.3,179,69,116,133,0.81,16,14,21
26,W26_09,164.2,57.9,75.0,21.5,105,72,13.2,86,5.3,229,62,130,121,0.89,18,23,17
26,W26_10,162.5,67.6,76.1,25.6,114,64,12.9,76,5.2,193,62,124,111,1.1,15,23,23
26,W26_11,160.3,56.0,73.1,21.8,112,78,12.1,87,4.9,202,64,114,148,0.74,29,19,18
26,W26_12,165.4,64.3,77.7,23.5,103,70,13.4,97,5.1,166,79,123,120,1.08,31,12,16
26,W26_13,155.7,74.4,79.5,30.7,120,58,13.2,81,5.2,213,59,99,108,0.77,18,13,24
26,W26_14,162.8,57.4,65.6,21.7,113,75,13.3,84,5.1,196,70,105,99,0.94,32,24,18
26,W26_15,161.6,54.2,79.5,20.8,127,71,12.8,80,5.3,187,66,93,130,0.81,23,26,20
26,W26_16,159.7,70.6,74.5,27.7,118,71,12.9,88,5.1,207,64,110,102,0.95,24,23,21
26,W26_17,156.4,54.2,74.7,22.2,118,68,13.6,86,4.9,203,67,96,102,1.01,21,18,16
26,W26_18,153.3,71.9,73.1,30.6,111,68,12.5,84,5.5,211,71,144,121,0.96,28,20,21
26,W26_19,168.2,61.3,75.1,21.7,112,73,13.6,99,4.9,207,61,122,107,0.87,22,21,18
26,W26_20,150.0,78.7,78.4,35.0,114,76,14.2,91,5.2,188,70,116,94,0.76,11,22,23
26,W26_21,163.7,69.4,75.8,25.9,113,73,13.0,80,4.9,188,50,121,155,1.03,27,16,28
26,W26_22,151.2,55.1,77.8,24.1,120,63,12.5,100,5.4,192,72,143,94,1.18,27,19,22
26,W26_23,176.2,57.1,74.5,18.4,111,76,12.4,91,5.1,203,69,103,113,0.69,27,15,22
26,W26_24,160.8,72.1,81.9,27.9,121,70,12.2,83,5.2,176,75,99,122,0.99,21,23,17
26,W26_25,153.4,60.5,78.8,25.7,117,70,13.0,110,4.9,219,66,155,113,0.98,15,11,20
26,W26_26,163.8,59.0,75.3,22.0,100,70,12.7,81,5.0,191,73,103,117,0.86,22,12,17
26,W26_27,165.9,71.6,76.7,26.0,111,58,11.7,80,5.2,191,91,132,161,1.28,16,16,23
26,W26_28,150.0,53.7,74.1,23.9,102,77,12.7,75,4.9,181,76,102,124,0.83,27,17,17
26,W26_29,158.7,61.3,79.3,24.3,111,66,12.9,96,5.2,196,73,106,108,0.94,26,16,19
26,W26_30,156.6,51.0,81.5,20.8,114,63,11.0,86,5.1,193,53,124,107,1.33,23,20,21
27,W27_01,151.9,65.5,75.7,28.4,103,70,13.0,87,5.4,213,59,74,121,1.08,34,21,25
27,W27_02,159.3,63.6,82.9,25.0,100,71,13.2,96,5.3,172,86,105,115,0.98,11,17,16
27,W27_03,156.5,57.8,76.8,23.6,122,79,13.9,90,4.8,222,39,111,104,1.17,23,16,23
27,W27_04,169.8,63.8,79.4,22.1,112,59,12.6,95,5.1,205,58,129,101,0.8,24,17,22
27,W27_05,161.6,63.1,75.7,24.2,125,67,12.3,77,5.3,212,62,128,108,0.88,18,16,19
27,W27_06,170.7,68.3,75.4,23.4,105,72,11.9,92,5.0,240,56,126,96,0.97,33,20,16
27,W27_07,160.3,64.2,79.7,25.0,107,67,12.2,103,5.3,212,72,135,108,1.25,29,22,16
27,W27_08,162.2,63.5,75.0,24.1,110,73,12.5,86,5.2,200,54,137,124,0.96,26,18,18
27,W27_09,157.6,56.7,74.7,22.8,110,73,12.3,93,5.3,202,71,167,103,0.91,25,22,28
27,W27_10,162.1,66.1,79.4,25.1,113,78,12.4,84,4.9,178,57,116,109,0.76,22,17,20
27,W27_11,160.1,58.7,74.3,22.9,125,66,12.5,82,4.8,208,66,133,94,0.88,20,17,20
27,W27_12,152.8,66.8,78.0,28.6,114,73,12.3,97,5.0,212,64,103,150,0.96,19,28,14
27,W27_13,158.4,63.8,77.2,25.4,125,83,11.9,80,5.0,189,58,94,116,0.77,25,9,17
27,W27_14,162.9,57.7,73.6,21.7,99,61,11.4,69,5.0,199,56,167,125,1.02,29,23,18
27,W27_15,161.9,55.9,78.2,21.3,109,73,13.8,83,5.2,190,51,128,95,0.92,20,17,18
27,W27_16,166.8,56.8,74.4,20.4,110,68,14.1,89,5.1,185,56,124,121,1.14,30,19,12
27,W27_17,167.5,57.5,77.6,20.5,104,72,13.2,82,4.7,214,66,100,122,0.93,21,19,14
27,W27_18,160.2,65.5,82.0,25.5,105,80,12.8,89,5.0,189,46,142,139,0.89,23,16,22
27,W27_19,157.4,61.3,75.2,24.7,122,59,12.9,100,5.1,226,63,148,128,0.85,20,18,22
27,W27_20,163.2,49.4,78.7,18.5,114,75,12.9,82,5.2,232,68,136,90,0.83,26,9,20
27,W27_21,165.5,65.5,76.6,23.9,107,79,12.8,100,5.2,216,54,142,101,0.81,22,26,18
27,W27_22,153.3,62.0,73.4,26.4,106,74,11.1,86,5.2,208,64,83,138,0.94,26,15,12
27,W27_23,164.3,65.6,79.0,24.3,121,59,12.7,95,5.2,233,72,164,118,0.86,20,11,25
27,W27_24,152.3,57.5,75.1,24.8,125,78,12.2,85,5.2,193,66,131,135,1.09,24,24,16
27,W27_25,163.9,59.3,82.7,22.1,117,66,12.8,84,4.9,202,64,118,138,0.92,22,12,20
27,W27_26,172.4,52.8,76.1,17.8,116,66,12.2,93,5.0,213,70,85,88,0.96,24,12,13
27,W27_27,161.4,72.8,76.2,27.9,114,71,13.4,95,4.9,197,84,123,112,0.75,14,26,22
27,W27_28,163.8,64.7,75.3,24.1,124,67,12.0,82,5.1,215,59,106,117,0.72,19,13,16
27,W27_29,170.0,53.2,77.5,18.4,109,60,12.8,91,4.9,223,72,83,127,0.9,25,24,24
27,W27_30,160.6,56.9,79.1,22.1,119,73,13.3,101,5.1,199,62,128,110,0.85,16,12,16
28,W28_01,162.8,60.1,76.3,22.7,109,69,12.7,84,5.1,227,62,158,90,0.88,31,13,16
28,W28_02,151.4,56.1,76.0,24.5,109,73,12.3,81,5.1,203,59,87,117,0.72,24,18,22
28,W28_03,151.9,64.5,78.0,27.9,115,75,12.8,88,4.7,208,75,137,110,0.81,26,31,24
28,W28_04,167.4,65.6,77.5,23.4,106,73,12.2,92,5.4,221,66,145,128,1.14,25,13,22
28,W28_05,160.6,69.0,74.7,26.8,124,63,13.8,93,5.0,225,75,114,131,0.81,25,19,22
28,W28_06,162.1,53.7,79.7,20.5,126,64,12.4,88,5.0,160,67,123,137,1.0,15,25,19
28,W28_07,165.8,62.6,73.4,22.8,99,71,11.8,76,5.0,206,65,97,107,1.06,26,26,22
28,W28_08,163.9,51.1,80.4,19.0,107,75,12.9,92,5.0,207,62,138,110,0.93,27,9,26
28,W28_09,166.5,60.6,77.3,21.8,98,71,12.4,89,5.2,237,55,117,92,0.85,23,15,29
28,W28_10,158.7,72.5,73.7,28.8,115,77,13.3,85,5.2,220,68,149,117,0.8,13,14,11
28,W28_11,160.7,58.1,70.4,22.5,115,69,12.5,95,5.0,212,69,154,107,0.91,21,23,22
28,W28_12,163.5,66.9,78.4,25.0,106,65,12.2,91,5.1,221,65,125,112,1.01,25,16,17
28,W28_13,163.4,68.7,76.7,25.7,126,69,13.3,101,5.2,217,66,118,106,0.83,20,17,20
28,W28_14,155.6,73.6,77.3,30.4,117,73,12.8,85,4.9,204,62,121,103,0.86,26,17,21
28,W28_15,163.5,53.6,76.4,20.0,108,71,13.2,90,5.0,227,79,115,104,0.87,18,15,24
28,W28_16,150.0,62.0,82.1,27.6,120,73,12.0,79,4.9,249,54,150,95,0.85,30,17,14
28,W28_17,158.4,58.6,74.7,23.4,121,76,11.4,81,4.9,203,60,112,85,0.91,17,14,16
28,W28_18,161.6,61.6,75.5,23.6,111,59,13.1,88,5.2,194,71,126,128,0.82,26,19,18
28,W28_19,163.3,56.2,78.3,21.1,109,78,12.2,90,4.9,211,57,116,106,1.13,25,28,19
28,W28_20,167.6,62.5,69.2,22.2,104,67,13.1,84,5.2,209,88,104,126,0.75,20,8,26
28,W28_21,168.4,64.2,75.0,22.6,134,76,12.5,89,5.0,229,50,131,126,1.27,23,20,22
28,W28_22,161.8,71.7,73.8,27.4,99,74,12.7,94,5.0,208,81,131,126,1.43,26,16,21
28,W28_23,161.1,72.3,82.3,27.8,101,77,12.8,96,5.1,196,50,109,126,0.86,24,18,17
28,W28_24,159.4,59.0,78.2,23.2,122,63,12.2,90,5.0,201,88,118,125,0.83,21,13,14
28,W28_25,160.9,78.7,76.2,30.4,106,71,13.1,76,4.9,226,64,128,119,0.8,22,19,24
28,W28_26,175.2,66.8,78.2,21.8,106,72,12.6,84,5.1,217,55,148,108,0.84,22,11,11
28,W28_27,151.7,72.5,73.5,31.5,112,60,12.9,82,5.3,219,63,116,92,0.84,24,21,22
28,W28_28,166.6,60.8,80.7,21.9,116,75,12.7,98,5.1,171,67,107,124,0.73,24,16,16
28,W28_29,172.4,75.6,74.8,25.4,110,68,12.6,95,5.0,210,71,112,118,1.21,21,20,7
28,W28_30,162.7,58.4,77.5,22.1,120,78,12.0,100,5.5,178,67,164,130,1.15,12,20,18
29,W29_01,159.1,73.7,75.4,29.1,114,80,12.5,83,5.0,220,57,111,118,1.03,16,14,13
29,W29_02,162.7,69.8,80.4,26.4,100,77,12.8,86,5.3,196,68,131,115,0.76,18,23,17
29,W29_03,155.7,59.8,75.2,24.6,116,73,13.0,89,4.9,218,72,162,130,1.03,32,15,21
29,W29_04,154.7,61.1,80.4,25.6,104,69,12.6,84,5.1,216,65,117,125,0.99,18,20,20
29,W29_05,169.7,53.5,75.7,18.6,114,60,11.8,78,5.2,181,53,131,120,0.87,25,23,14
29,W29_06,155.2,60.7,84.3,25.2,102,78,12.5,103,5.2,195,72,136,114,0.95,22,23,25
29,W29_07,159.7,62.8,79.2,24.6,111,64,12.5,91,4.7,215,70,104,113,1.33,17,22,14
29,W29_08,168.0,56.1,81.2,19.9,112,73,12.7,83,4.9,209,56,151,87,1.25,14,18,19
29,W29_09,156.9,50.9,79.2,20.7,113,71,11.6,91,5.2,193,88,123,111,1.24,14,23,18
29,W29_10,158.7,49.0,78.7,19.5,117,58,13.0,94,5.2,200,53,154,108,1.17,27,18,17
29,W29_11,169.9,67.7,74.6,23.5,111,72,12.1,100,4.9,215,66,159,144,0.73,26,19,19
29,W29_12,163.4,63.1,76.9,23.7,105,66,12.8,82,5.1,183,66,89,132,1.07,23,24,23
29,W29_13,162.2,66.4,78.1,25.2,120,76,13.4,99,5.1,214,65,131,121,1.01,32,17,22
29,W29_14,159.2,54.3,76.0,21.4,107,57,13.2,89,5.1,195,51,153,91,0.9,14,17,10
29,W29_15,167.3,68.1,72.1,24.3,120,78,12.6,91,5.5,226,66,136,92,1.01,30,14,26
29,W29_16,155.5,68.2,81.5,28.2,119,70,11.7,84,5.2,221,72,111,115,1.73,24,28,14
29,W29_17,164.6,60.2,79.6,22.2,118,72,11.9,101,5.2,187,78,128,123,1.03,20,20,20
29,W29_18,158.3,52.1,75.9,20.8,111,67,12.2,94,5.3,221,74,126,123,1.52,19,9,24
29,W29_19,168.2,67.7,77.2,23.9,114,66,12.2,105,5.2,212,86,156,129,1.05,14,10,25
29,W29_20,162.2,70.0,78.2,26.6,113,71,12.6,97,5.2,185,54,98,111,0.81,23,25,17
29,W29_21,161.7,62.5,81.4,23.9,117,66,12.3,85,5.2,241,69,101,120,0.99,20,23,10
29,W29_22,170.6,65.7,76.8,22.6,108,69,12.7,80,5.1,215,54,150,134,0.93,25,11,17
29,W29_23,163.1,67.3,78.4,25.3,115,75,11.5,93,5.1,178,69,129,115,1.22,15,14,14
29,W29_24,162.1,70.8,82.0,27.0,119,81,12.4,87,4.7,203,60,116,147,0.94,21,16,11
29,W29_25,163.3,62.6,73.4,23.5,117,73,12.4,92,5.2,214,63,121,109,0.74,33,26,23
29,W29_26,158.7,60.7,82.1,24.1,108,69,12.4,79,5.0,188,71,118,97,0.93,15,22,14
29,W29_27,158.4,73.0,80.0,29.1,105,66,13.8,90,4.9,183,61,122,114,1.03,16,15,20
29,W29_28,158.1,64.1,80.4,25.7,105,67,12.7,87,5.1,198,52,102,98,0.86,18,15,17
29,W29_29,170.3,52.9,75.8,18.2,121,73,13.5,102,5.1,219,70,79,117,0.92,19,13,11
29,W29_30,166.6,63.1,80.1,22.7,126,75,12.4,87,5.0,188,69,109,118,0.74,27,25,17
30,W30_01,169.2,80.3,71.7,28.0,106,67,12.9,78,5.3,209,68,110,129,0.73,17,23,20
30,W30_02,162.9,66.0,75.0,24.9,116,73,12.9,95,5.2,211,62,121,93,0.77,25,16,32
30,W30_03,157.1,60.9,74.9,24.7,106,75,13.1,89,4.7,240,67,123,114,0.79,24,21,15
30,W30_04,159.0,76.7,75.5,30.4,112,70,12.4,90,5.2,196,74,126,145,0.99,25,14,21
30,W30_05,159.1,52.7,79.4,20.8,108,62,12.5,85,5.2,207,61,130,110,1.39,23,25,30
30,W30_06,167.2,65.4,82.2,23.4,108,70,12.4,94,4.9,179,68,127,82,0.95,22,22,11
30,W30_07,168.0,68.7,73.0,24.3,105,78,12.4,90,5.2,237,67,157,99,0.89,28,22,18
30,W30_08,159.6,51.8,78.3,20.3,110,75,12.9,90,5.3,195,55,92,113,0.79,20,17,14
30,W30_09,163.7,69.5,77.3,25.9,115,74,12.8,93,5.4,219,80,153,96,1.01,15,18,18
30,W30_10,162.3,64.3,80.0,24.4,117,60,12.1,87,5.0,177,63,133,100,1.76,26,23,17
30,W30_11,160.8,60.5,77.2,23.4,106,58,11.9,91,5.1,223,73,142,118,1.02,14,19,19
30,W30_12,172.3,67.3,78.6,22.7,116,80,12.0,88,4.9,194,74,120,112,0.83,18,14,21
30,W30_13,163.2,60.1,79.2,22.6,121,65,11.9,77,5.2,201,72,131,108,1.21,25,20,13
30,W30_14,165.9,65.8,80.4,23.9,115,78,12.2,96,5.2,192,74,145,127,1.27,14,18,14
30,W30_15,166.8,63.9,81.5,23.0,110,70,12.2,89,5.3,202,54,134,97,0.95,32,18,13
30,W30_16,162.8,65.1,77.4,24.6,119,81,11.8,87,5.3,201,58,121,99,0.81,15,15,16
30,W30_17,165.6,70.2,76.2,25.6,112,70,12.3,98,5.1,224,55,119,115,0.89,18,18,18
30,W30_18,152.3,63.4,83.2,27.3,116,80,13.0,87,4.9,217,66,118,148,0.78,26,19,13
30,W30_19,163.4,66.6,79.2,24.9,99,67,12.2,92,5.2,252,49,131,118,1.17,17,16,21
30,W30_20,158.7,68.5,75.2,27.2,124,74,11.9,85,5.1,201,68,124,135,0.75,23,13,20
30,W30_21,160.7,65.5,79.3,25.4,115,69,12.4,79,5.2,183,65,104,96,0.8,22,22,19
30,W30_22,159.9,64.8,75.1,25.3,112,63,11.6,93,5.0,205,53,120,135,1.22,21,13,22
30,W30_23,164.6,54.3,80.3,20.1,114,68,11.0,106,5.1,214,65,122,111,0.75,23,32,16
30,W30_24,171.2,61.6,77.6,21.0,109,64,13.2,83,5.1,208,62,85,112,0.95,24,18,23
30,W30_25,150.5,61.8,71.2,27.3,117,61,13.0,98,5.3,200,71,108,111,1.3,16,18,27
30,W30_26,174.2,59.5,83.2,19.6,113,75,11.8,91,5.1,240,55,113,105,1.16,16,19,22
30,W30_27,156.4,56.7,79.5,23.2,108,61,11.8,96,4.9,221,62,166,104,0.82,16,22,12
30,W30_28,158.6,64.8,76.0,25.7,117,72,13.3,99,5.3,212,66,159,120,0.98,31,20,24
30,W30_29,160.5,66.8,78.5,25.9,132,65,13.0,86,5.1,184,62,108,117,1.23,24,25,17
30,W30_30,166.8,52.1,74.7,18.7,116,69,11.9,89,5.1,192,68,131,95,0.84,22,15,20
31,W31_01,153.5,70.4,76.3,29.9,107,67,12.7,84,5.3,181,55,143,136,0.76,24,15,20
31,W31_02,155.9,63.9,77.7,26.3,118,71,12.3,94,5.0,250,70,81,127,0.78,21,15,17
31,W31_03,159.5,52.0,83.5,20.4,103,57,12.0,83,5.2,210,70,116,101,0.9,17,15,19
31,W31_04,178.0,79.1,77.5,25.0,106,74,12.0,90,4.9,192,80,153,121,1.12,35,12,30
31,W31_05,162.3,64.1,74.3,24.3,117,72,12.2,86,5.0,193,68,146,115,0.88,11,21,19
31,W31_06,171.8,57.4,77.7,19.4,101,69,12.1,84,5.2,178,61,131,92,0.77,21,21,11
31,W31_07,155.0,53.4,81.1,22.2,107,66,12.6,89,5.2,201,60,138,124,0.9,18,13,23
31,W31_08,161.0,55.1,80.2,21.3,113,64,12.8,87,5.0,235,70,127,137,1.11,23,13,19
31,W31_09,152.4,59.8,78.8,25.7,118,73,12.7,86,5.0,208,54,126,105,1.15,29,14,20
31,W31_10,154.8,69.3,79.6,28.9,115,64,12.9,94,5.1,231,72,121,126,0.73,30,22,16
31,W31_11,162.0,60.6,78.4,23.1,108,65,12.3,87,5.3,173,53,123,129,1.19,19,14,21
31,W31_12,159.9,80.5,73.1,31.5,117,74,11.9,94,5.1,204,63,136,113,0.86,18,21,23
31,W31_13,159.0,68.7,82.8,27.2,122,55,11.8,88,5.3,220,64,157,106,1.26,20,13,23
31,W31_14,162.2,70.2,79.0,26.7,96,77,11.7,84,5.2,190,72,112,93,0.8,31,22,21
31,W31_15,168.7,67.9,80.6,23.9,121,72,12.8,85,5.0,230,68,106,130,0.92,17,24,26
31,W31_16,153.2,57.8,76.9,24.6,106,68,12.5,86,5.2,201,60,112,143,1.01,22,21,20
31,W31_17,163.7,61.1,79.8,22.8,112,68,10.8,77,5.0,209,66,96,117,1.2,12,11,24
31,W31_18,161.5,68.4,76.6,26.2,117,67,12.0,100,5.1,193,44,120,126,0.9,20,8,22
31,W31_19,164.1,58.5,79.9,21.7,112,64,12.2,96,5.1,191,60,99,96,1.04,19,12,19
31,W31_20,161.5,57.8,77.9,22.2,103,67,11.7,97,5.1,208,54,124,126,0.9,22,18,16
31,W31_21,170.9,78.6,77.4,26.9,114,61,12.4,81,5.1,240,47,110,135,0.8,19,19,27
31,W31_22,169.2,60.5,81.9,21.1,119,73,11.5,83,5.1,194,68,144,109,0.96,21,18,17
31,W31_23,159.9,55.1,75.8,21.6,101,67,12.2,79,5.2,203,83,165,125,0.91,25,27,22
31,W31_24,172.2,64.7,76.6,21.8,106,79,11.2,86,5.0,190,67,135,133,1.11,26,15,22
31,W31_25,161.6,61.7,71.3,23.6,104,75,11.9,82,4.9,197,73,158,101,1.01,19,17,23
31,W31_26,160.2,59.3,74.7,23.1,109,60,13.2,84,5.2,199,70,124,143,1.05,24,23,19
31,W31_27,164.3,59.8,81.3,22.1,113,66,13.2,90,5.4,203,53,115,117,0.7,28,18,24
31,W31_28,161.2,72.1,75.3,27.7,110,66,13.2,76,5.0,203,56,129,105,0.85,17,13,16
31,W31_29,153.9,62.3,72.8,26.3,112,61,13.0,100,5.2,208,72,95,140,0.91,16,20,10
31,W31_30,161.3,53.8,80.5,20.7,119,70,11.8,77,5.3,234,64,132,113,1.15,16,18,13
32,W32_01,158.3,72.4,73.9,28.9,102,72,12.5,97,5.3,190,67,141,111,1.11,27,10,20
32,W32_02,159.5,52.6,75.7,20.7,106,66,13.8,84,5.0,222,58,121,118,0.87,30,17,15
32,W32_03,171.9,64.1,76.3,21.7,113,75,12.2,97,5.2,250,73,134,119,0.95,17,15,11
32,W32_04,172.8,63.0,79.2,21.1,97,90,12.6,95,5.1,225,54,124,135,1.13,16,23,11
32,W32_05,155.9,75.8,77.9,31.2,114,73,13.1,84,4.9,224,54,140,131,0.93,23,16,24
32,W32_06,174.0,67.5,77.2,22.3,117,71,11.8,95,5.2,195,62,110,124,0.8,25,12,28
32,W32_07,162.2,56.2,76.3,21.4,108,76,11.6,80,5.3,239,76,144,118,1.04,26,21,16
32,W32_08,164.2,54.2,76.7,20.1,107,66,12.2,86,5.1,218,70,137,114,0.91,20,21,26
32,W32_09,162.5,65.2,80.7,24.7,118,68,12.8,78,5.3,178,56,152,120,0.84,22,18,7
32,W32_10,165.1,65.4,71.0,24.0,125,69,12.0,98,5.0,205,72,122,100,0.8,15,22,16
32,W32_11,160.7,61.4,75.8,23.8,105,68,12.2,97,4.9,224,57,88,140,1.15,27,11,9
32,W32_12,158.2,70.1,76.7,28.0,113,78,12.5,82,5.3,190,59,152,135,0.77,26,13,17
32,W32_13,161.0,75.4,75.5,29.1,118,69,12.7,103,5.1,175,60,111,127,0.85,16,19,18
32,W32_14,151.9,63.6,84.6,27.6,108,75,10.9,90,4.9,225,80,132,113,1.2,19,12,15
32,W32_15,159.2,63.4,83.8,25.0,118,74,12.8,90,4.8,170,77,144,106,1.0,21,20,12
32,W32_16,157.2,61.8,81.0,25.0,116,67,12.7,85,5.4,220,65,134,104,1.53,24,14,16
32,W32_17,163.1,68.1,76.1,25.6,116,78,13.0,87,5.0,193,66,129,80,1.19,20,22,18
32,W32_18,178.0,58.2,80.5,18.4,115,68,12.8,83,5.2,188,49,142,84,0.83,15,13,20
32,W32_19,163.3,60.4,77.4,22.6,95,76,11.1,87,5.0,208,86,137,118,1.2,28,15,19
32,W32_20,162.4,57.7,81.9,21.9,103,75,11.4,85,5.1,202,84,156,108,1.07,26,33,17
32,W32_21,160.6,52.0,84.4,20.2,117,66,12.5,100,5.0,219,79,138,134,0.84,27,11,14
32,W32_22,152.6,66.0,79.7,28.3,111,75,13.5,91,5.1,228,61,135,120,1.09,30,17,13
32,W32_23,152.5,60.4,79.3,26.0,113,69,13.6,95,5.3,175,70,94,136,1.24,21,25,22
32,W32_24,163.1,60.7,73.0,22.8,115,78,11.7,98,5.1,239,61,149,123,1.23,17,17,10
32,W32_25,150.5,64.6,73.1,28.5,114,66,11.4,100,5.1,220,69,115,141,0.8,17,13,9
32,W32_26,161.4,59.9,77.2,23.0,114,72,12.2,100,5.3,205,80,129,123,0.9,29,7,25
32,W32_27,175.0,59.7,78.0,19.5,108,63,11.7,91,4.9,195,64,99,128,0.92,23,21,14
32,W32_28,168.7,68.5,75.4,24.1,109,58,12.7,87,5.2,199,71,118,94,0.81,17,19,20
32,W32_29,159.2,69.2,76.7,27.3,120,71,12.6,86,5.3,188,69,155,112,1.03,16,17,18
32,W32_30,162.0,70.4,78.2,26.8,101,79,11.7,94,5.2,194,61,126,122,0.77,25,7,26
33,W33_01,170.6,68.2,79.4,23.4,101,68,13.0,88,4.9,222,61,130,119,1.19,18,16,17
33,W33_02,154.3,64.2,78.1,26.9,116,66,11.6,82,5.0,212,68,137,132,0.89,11,16,25
33,W33_03,168.4,55.9,78.5,19.7,103,80,12.8,88,5.2,230,58,179,112,0.93,22,24,20
33,W33_04,157.8,71.6,71.5,28.8,109,63,12.6,102,5.1,199,61,112,118,0.97,15,27,20
33,W33_05,153.6,63.2,76.4,26.8,116,77,11.3,95,5.2,212,58,142,102,0.75,19,18,15
33,W33_06,169.5,62.9,75.7,21.9,125,76,13.1,93,5.3,193,75,127,101,1.14,14,24,17
33,W33_07,160.6,66.3,75.7,25.7,114,67,12.0,87,5.4,228,66,142,102,0.86,18,10,18
33,W33_08,166.8,51.3,78.9,18.4,105,67,13.4,98,5.4,196,59,121,126,0.77,19,17,15
33,W33_09,167.6,65.1,76.1,23.2,108,72,12.3,90,5.2,192,84,121,111,1.04,14,21,11
33,W33_10,151.4,67.6,78.9,29.5,100,77,12.3,93,4.8,246,61,165,114,0.83,17,18,18
33,W33_11,159.8,62.5,78.3,24.4,110,84,12.7,85,5.2,182,67,102,133,0.86,21,20,19
33,W33_12,154.6,82.6,79.7,34.6,113,63,12.4,97,5.2,194,63,138,125,0.77,25,24,13
33,W33_13,154.9,62.3,74.2,25.9,102,68,12.2,97,5.1,226,66,143,111,0.93,28,21,15
33,W33_14,166.2,53.2,80.4,19.3,121,67,12.3,99,5.1,214,69,135,107,0.89,31,16,22
33,W33_15,162.7,72.6,80.1,27.4,108,70,12.3,97,5.3,199,60,110,102,1.17,30,22,16
33,W33_16,160.7,54.3,75.9,21.1,120,75,12.1,95,5.1,182,51,138,123,1.51,11,17,11
33,W33_17,161.4,65.2,83.4,25.0,105,75,13.2,105,5.1,198,70,155,117,0.98,31,21,21
33,W33_18,159.9,67.5,79.5,26.4,102,66,12.5,90,5.0,192,76,140,104,0.86,22,23,29
33,W33_19,156.1,61.3,70.5,25.2,100,64,12.5,84,5.1,179,54,119,142,0.93,31,12,11
33,W33_20,166.5,73.9,76.6,26.7,115,84,12.1,92,5.4,194,66,153,115,1.47,17,8,17
33,W33_21,164.5,66.0,76.9,24.4,117,71,12.7,74,5.1,233,68,138,95,1.0,19,17,31
33,W33_22,161.5,64.1,78.5,24.6,113,66,11.4,85,5.1,235,63,88,143,1.24,26,19,22
33,W33_23,163.2,75.8,78.5,28.4,106,75,13.1,103,5.4,218,59,139,129,0.84,20,24,22
33,W33_24,174.1,75.4,75.3,24.9,121,66,12.0,92,5.2,207,64,126,103,1.03,19,22,28
33,W33_25,175.5,66.5,74.2,21.6,119,59,12.8,83,5.1,206,66,144,116,0.83,15,24,13
33,W33_26,161.5,62.5,74.7,23.9,104,79,12.6,94,5.1,195,52,137,109,1.13,34,19,19
33,W33_27,155.1,76.2,75.8,31.7,121,70,12.5,98,5.1,185,69,145,117,0.97,20,14,18
33,W33_28,172.5,72.0,79.4,24.2,107,74,11.6,86,4.8,204,77,144,138,0.88,10,14,16
33,W33_29,158.8,63.9,81.2,25.3,115,71,11.8,95,5.2,215,73,133,123,0.94,14,13,19
33,W33_30,162.4,66.5,77.0,25.2,118,70,12.7,83,5.3,210,71,157,99,0.77,16,18,25
34,W34_01,159.8,76.5,74.8,29.9,105,72,12.7,83,5.3,208,70,141,114,1.2,19,9,16
34,W34_02,162.6,67.4,74.4,25.5,118,76,12.0,86,5.2,202,69,162,127,0.83,26,15,20
34,W34_03,169.3,57.2,74.9,19.9,117,74,12.0,80,5.2,216,51,140,128,0.92,26,17,15
34,W34_04,165.8,75.6,81.5,27.5,102,69,13.0,83,5.0,195,69,107,111,1.11,24,19,9
34,W34_05,150.0,81.9,74.0,36.4,109,77,13.3,82,5.0,188,57,123,136,1.03,12,19,21
34,W34_06,156.8,70.1,82.6,28.5,95,70,12.9,103,5.3,216,63,120,104,1.12,26,20,13
34,W34_07,159.8,56.3,75.4,22.1,105,70,12.9,82,4.9,217,59,152,125,0.84,26,21,14
34,W34_08,161.4,59.9,80.5,23.0,105,70,12.9,96,5.4,204,73,87,99,1.05,22,17,12
34,W34_09,165.1,55.1,77.9,20.2,117,75,12.5,86,5.2,222,62,136,111,1.15,23,26,13
34,W34_10,167.5,62.4,78.4,22.3,105,68,11.7,90,5.0,206,60,95,121,1.37,24,15,24
34,W34_11,172.6,59.3,77.0,19.9,113,68,12.4,81,5.1,198,62,156,125,1.52,19,19,16
34,W34_12,165.6,68.1,80.2,24.8,108,68,11.4,82,5.1,204,73,111,143,1.07,22,14,19
34,W34_13,151.3,55.1,77.1,24.1,116,80,13.0,93,5.2,202,61,156,101,0.96,20,14,23
34,W34_14,160.2,66.9,80.4,26.1,100,68,12.3,92,5.2,217,59,153,113,0.87,25,21,21
34,W34_15,150.2,60.7,74.4,26.9,112,63,12.5,80,4.8,217,65,103,119,0.99,22,11,13
34,W34_16,172.9,64.9,78.3,21.7,114,77,13.0,88,5.4,234,71,130,123,0.86,29,14,23
34,W34_17,157.1,56.5,79.4,22.9,105,76,13.1,88,4.9,222,62,127,115,0.98,19,17,24
34,W34_18,167.0,62.6,81.2,22.5,110,65,12.4,89,5.2,219,61,163,158,0.88,27,22,11
34,W34_19,160.7,71.1,82.6,27.5,114,73,12.4,86,5.0,234,68,130,121,0.87,16,19,18
34,W34_20,163.4,61.8,77.2,23.1,121,69,12.2,90,4.9,216,64,116,127,0.91,22,15,26
34,W34_21,162.9,61.8,74.5,23.3,102,80,12.0,85,4.9,186,65,146,124,1.14,25,17,20
34,W34_22,160.3,65.2,81.3,25.4,118,74,13.6,84,5.2,213,69,154,113,1.21,31,20,15
34,W34_23,156.9,66.8,73.4,27.1,122,71,13.1,100,5.2,187,81,125,103,1.05,33,11,17
34,W34_24,167.3,77.6,78.9,27.7,113,74,12.7,95,5.5,199,56,156,123,1.12,24,29,14
34,W34_25,168.4,62.0,76.7,21.9,115,73,11.8,92,4.9,206,75,133,144,0.84,17,17,13
34,W34_26,154.8,57.8,82.2,24.1,122,65,12.0,89,5.1,244,69,114,106,1.02,24,24,14
34,W34_27,175.6,56.9,78.3,18.4,94,65,12.6,83,5.3,208,73,154,120,0.88,20,18,21
34,W34_28,159.3,68.9,75.2,27.2,109,60,12.0,95,4.7,231,50,135,101,1.71,26,14,20
34,W34_29,157.5,72.2,79.1,29.1,109,67,13.2,92,5.1,227,56,121,123,0.91,18,14,21
34,W34_30,161.1,67.7,72.6,26.1,105,65,12.2,91,5.1,193,72,128,119,1.09,26,18,19
35,W35_01,152.6,54.8,79.6,23.5,117,68,13.0,78,5.1,217,72,138,118,1.05,26,26,20
35,W35_02,163.5,69.1,76.6,25.9,121,64,14.1,79,5.1,232,70,150,94,0.81,23,23,16
35,W35_03,160.6,70.1,75.5,27.2,120,64,11.9,86,5.2,204,66,123,132,1.01,25,14,16
35,W35_04,158.0,70.4,86.2,28.2,103,78,12.6,88,5.3,226,73,125,155,0.87,28,19,20
35,W35_05,164.0,72.7,84.6,27.0,109,64,12.7,81,5.1,188,69,125,116,0.72,18,17,14
35,W35_06,159.5,55.3,82.0,21.7,96,69,11.6,83,5.2,232,50,106,150,1.01,23,24,23
35,W35_07,173.2,54.4,80.3,18.1,111,77,12.8,87,5.5,215,65,122,103,0.82,18,16,27
35,W35_08,169.6,79.6,73.3,27.7,109,75,11.8,88,5.0,220,62,146,99,0.94,26,27,24
35,W35_09,157.8,67.2,75.6,27.0,115,74,12.5,94,5.0,206,51,144,126,1.15,24,25,20
35,W35_10,156.8,52.6,84.9,21.4,119,67,12.4,89,5.0,202,70,145,122,1.95,21,17,11
35,W35_11,158.4,77.9,81.8,31.0,108,72,11.8,93,5.0,240,58,132,124,0.84,30,20,19
35,W35_12,165.9,75.7,75.5,27.5,123,69,12.6,87,5.1,253,53,115,96,0.81,14,8,13
35,W35_13,167.8,58.7,76.9,20.9,118,67,12.0,94,5.2,221,60,93,136,1.06,29,14,16
35,W35_14,162.4,72.5,83.5,27.5,122,69,11.8,89,4.6,218,70,142,112,1.03,22,16,21
35,W35_15,165.7,49.9,78.7,18.2,111,70,11.7,84,5.0,200,60,151,106,0.85,18,15,7
35,W35_16,159.2,56.8,77.0,22.4,105,72,11.7,95,5.3,214,71,141,113,0.93,15,22,15
35,W35_17,161.7,66.9,78.2,25.6,92,80,11.5,89,5.1,204,67,123,102,1.4,22,25,21
35,W35_18,155.7,61.8,84.9,25.5,106,62,12.4,101,5.1,248,71,120,130,0.78,22,16,18
35,W35_19,156.8,67.4,74.8,27.4,115,65,14.0,91,5.2,230,58,140,125,0.87,19,20,16
35,W35_20,167.4,61.9,81.9,22.1,112,77,12.8,91,5.4,232,52,109,117,1.09,16,16,17
35,W35_21,167.9,63.0,78.5,22.4,114,75,13.5,80,4.8,200,61,130,137,0.92,19,21,13
35,W35_22,151.7,62.0,75.7,26.9,110,66,13.9,94,5.0,203,81,155,127,1.32,17,12,19
35,W35_23,151.9,68.9,80.0,29.8,99,56,12.3,82,5.4,232,54,145,133,1.01,20,20,21
35,W35_24,164.7,56.5,77.7,20.8,113,77,12.5,97,5.2,221,69,126,120,1.05,20,26,18
35,W35_25,152.7,60.1,78.9,25.8,117,71,12.2,94,5.0,231,63,128,127,1.11,25,20,12
35,W35_26,150.0,64.6,78.6,28.7,115,71,12.9,85,5.1,208,80,110,110,0.87,20,22,20
35,W35_27,160.1,69.1,80.7,26.9,114,58,12.5,82,5.1,181,62,146,96,1.18,27,20,18
35,W35_28,157.5,63.6,79.4,25.6,109,74,11.3,92,5.0,197,73,161,122,0.92,25,11,17
35,W35_29,172.4,77.3,77.4,26.0,109,75,11.6,97,5.3,233,73,74,119,0.86,20,14,20
35,W35_30,156.7,66.0,77.3,26.9,120,68,12.6,100,4.9,198,75,132,125,0.92,27,18,23
36,W36_01,156.7,67.2,75.6,27.4,107,68,12.9,100,5.0,235,80,171,117,0.79,15,10,18
36,W36_02,165.9,63.4,78.6,23.0,101,62,11.4,89,5.1,216,70,158,120,1.25,17,24,14
36,W36_03,155.1,65.0,77.0,27.0,104,66,11.9,97,5.0,252,77,139,99,1.02,27,26,25
36,W36_04,163.7,72.7,76.5,27.2,105,71,12.3,89,5.2,208,56,129,121,0.96,26,16,18
36,W36_05,159.5,50.0,79.4,19.7,114,73,12.5,89,5.2,214,58,139,120,0.9,25,14,8
36,W36_06,162.8,75.6,79.4,28.5,125,77,11.4,91,5.2,214,68,136,124,0.95,24,15,15
36,W36_07,158.6,65.0,82.7,25.8,117,59,12.3,83,5.3,226,65,135,126,0.93,28,12,21
36,W36_08,154.0,58.9,77.7,24.8,118,56,11.6,93,4.9,216,59,136,116,0.96,26,22,19
36,W36_09,154.1,61.7,80.7,26.0,107,62,13.1,78,5.6,174,68,139,101,0.99,25,16,17
36,W36_10,167.4,64.8,79.1,23.1,118,62,12.7,93,5.1,204,73,160,129,0.89,18,21,16
36,W36_11,163.5,69.2,77.1,25.9,122,81,11.9,76,5.2,241,53,141,115,0.88,25,14,17
36,W36_12,166.9,68.9,78.6,24.7,124,82,12.7,92,5.0,209,68,146,141,1.1,25,25,19
36,W36_13,166.7,67.1,84.9,24.1,127,72,12.7,92,5.4,200,60,122,119,1.11,18,20,18
36,W36_14,159.0,80.1,75.5,31.7,114,76,12.6,74,5.0,227,68,132,107,0.85,27,21,16
36,W36_15,172.5,50.7,78.8,17.0,107,73,12.5,77,5.0,181,61,130,120,0.75,30,8,17
36,W36_16,151.7,56.6,80.0,24.6,121,66,12.3,94,4.9,228,59,87,108,0.92,21,12,21
36,W36_17,158.3,72.4,78.4,28.9,108,68,12.4,85,5.5,224,53,116,121,1.15,17,7,7
36,W36_18,164.9,75.7,79.2,27.8,116,73,12.5,87,4.8,200,66,113,78,1.37,25,16,26
36,W36_19,162.3,58.9,76.9,22.4,115,72,11.6,96,5.2,220,80,134,109,1.0,27,12,14
36,W36_20,167.8,67.9,78.7,24.1,113,72,12.0,95,5.6,183,55,119,112,0.76,17,12,22
36,W36_21,160.3,70.3,84.9,27.3,118,71,12.8,88,5.2,213,68,128,111,1.06,19,11,21
36,W36_22,167.0,63.2,76.9,22.7,123,66,13.2,82,5.5,228,75,151,116,1.09,23,29,17
36,W36_23,159.7,72.1,75.2,28.3,119,66,12.6,91,5.4,234,67,143,132,0.89,28,26,18
36,W36_24,165.5,78.6,76.8,28.7,110,83,12.2,97,5.3,208,57,123,101,0.99,26,9,22
36,W36_25,160.1,65.1,80.7,25.4,100,73,13.3,97,5.4,219,37,140,118,0.98,19,16,13
36,W36_26,157.1,63.2,79.3,25.6,109,72,12.8,78,5.3,221,61,164,143,1.0,20,22,14
36,W36_27,167.1,61.2,75.3,21.9,112,74,11.9,91,4.9,233,60,126,146,1.26,30,9,14
36,W36_28,171.6,70.5,77.8,23.9,112,66,11.6,92,5.0,239,75,157,101,1.12,31,29,16
36,W36_29,159.3,51.4,77.8,20.2,107,71,11.6,85,5.1,225,70,135,103,0.82,16,22,23
36,W36_30,155.5,63.0,78.8,26.0,125,75,12.6,102,5.2,214,67,108,138,1.32,16,18,24
37,W37_01,161.4,68.2,76.8,26.2,131,76,11.7,75,4.8,208,68,121,120,1.22,28,22,26
37,W37_02,163.2,66.3,77.6,24.9,107,80,12.0,91,5.0,220,79,122,110,0.94,21,22,20
37,W37_03,167.6,71.9,83.9,25.6,106,77,11.9,86,5.4,227,61,104,103,0.88,18,24,18
37,W37_04,159.6,82.2,72.6,32.3,110,81,11.6,107,5.1,250,58,171,108,1.11,27,17,22
37,W37_05,160.9,79.1,79.4,30.5,123,69,11.9,93,5.2,222,89,142,122,1.03,23,15,14
37,W37_06,162.5,63.9,78.9,24.2,105,71,12.0,94,5.2,207,52,166,140,1.05,20,15,28
37,W37_07,158.8,70.9,80.8,28.1,120,73,11.6,96,5.4,192,43,128,115,1.3,16,22,12
37,W37_08,157.0,71.9,77.7,29.2,104,74,12.3,91,5.1,231,59,114,121,1.01,22,15,15
37,W37_09,166.2,77.6,79.0,28.1,103,72,12.7,84,5.7,213,84,190,112,1.47,18,21,18
37,W37_10,161.3,64.1,81.6,24.6,113,71,12.1,89,5.1,222,68,137,105,1.47,14,16,16
37,W37_11,168.0,75.4,77.3,26.7,112,73,11.7,90,5.0,221,60,121,136,1.11,27,22,24
37,W37_12,160.7,72.4,79.9,28.0,118,70,12.1,88,4.9,217,64,159,99,0.89,22,17,17
37,W37_13,154.5,76.2,77.1,31.9,115,71,12.4,89,5.1,251,64,114,98,0.83,25,17,17
37,W37_14,168.3,68.9,82.3,24.3,114,74,12.2,84,5.2,229,62,152,99,1.72,24,20,13
37,W37_15,155.4,68.9,85.4,28.6,94,64,11.4,81,5.5,206,68,159,116,0.8,23,17,20
37,W37_16,169.8,60.5,81.9,21.0,118,61,12.5,90,5.1,190,73,188,88,0.89,30,21,11
37,W37_17,161.8,60.7,77.4,23.2,105,81,11.4,81,5.2,200,76,153,140,0.98,24,22,15
37,W37_18,157.7,64.6,77.4,26.0,105,61,12.9,99,5.5,218,61,142,122,0.78,13,25,18
37,W37_19,174.5,64.3,77.4,21.1,113,62,11.9,82,5.0,237,72,82,151,1.08,18,8,21
37,W37_20,155.4,63.3,79.3,26.2,110,77,11.7,86,4.9,223,70,151,123,1.05,13,20,16
37,W37_21,167.1,80.2,79.3,28.7,107,69,12.2,92,5.0,235,80,159,126,0.96,21,15,7
37,W37_22,171.9,54.7,83.7,18.5,117,60,12.1,87,4.9,224,76,137,115,1.39,25,12,11
37,W37_23,166.1,64.4,80.3,23.3,110,65,12.6,96,5.2,245,71,121,142,0.97,10,16,19
37,W37_24,161.5,64.1,80.4,24.6,116,55,11.7,96,5.0,235,61,143,121,0.89,18,17,22
37,W37_25,157.2,71.5,79.1,29.0,110,60,12.3,85,5.1,208,53,155,95,0.92,24,19,13
37,W37_26,158.5,59.2,74.8,23.6,107,63,11.8,82,5.0,220,64,157,114,1.03,19,14,9
37,W37_27,164.6,82.7,80.3,30.5,106,76,12.7,90,5.1,200,62,148,120,0.8,24,14,11
37,W37_28,166.2,77.0,78.0,27.9,101,69,12.2,74,5.3,232,65,123,122,0.96,22,20,20
37,W37_29,158.2,66.7,79.8,26.7,92,76,12.4,104,5.1,210,67,132,143,0.95,29,14,24
37,W37_30,159.9,65.2,75.8,25.5,97,82,12.4,89,5.0,245,65,153,112,0.92,29,22,13
38,W38_01,155.7,67.4,83.8,27.8,103,70,12.1,96,5.4,216,51,122,135,0.93,27,15,14
38,W38_02,165.0,64.7,77.0,23.8,110,71,11.8,94,5.3,244,72,131,108,0.97,14,20,22
38,W38_03,165.0,60.6,85.0,22.2,104,66,12.0,88,5.3,226,57,123,121,1.07,15,20,24
38,W38_04,170.9,68.7,83.9,23.5,104,64,11.9,81,5.3,210,66,169,138,0.94,26,25,9
38,W38_05,172.6,57.8,79.0,19.4,125,73,12.1,102,5.1,222,64,160,94,0.96,12,12,18
38,W38_06,159.2,71.2,84.7,28.1,99,78,12.5,91,4.8,231,76,133,115,0.85,17,12,17
38,W38_07,173.2,60.4,80.7,20.1,110,64,12.9,77,5.3,247,80,124,113,1.16,21,26,32
38,W38_08,158.6,53.7,81.4,21.4,116,74,12.4,85,4.8,225,68,128,122,0.98,25,13,12
38,W38_09,156.0,71.6,77.9,29.4,109,68,12.2,90,5.2,236,76,108,146,0.89,24,23,15
38,W38_10,171.3,60.3,78.6,20.6,123,71,11.9,93,4.9,198,73,100,121,1.05,28,26,17
38,W38_11,154.6,69.7,80.8,29.2,106,68,12.0,86,5.2,181,49,152,115,1.13,22,9,7
38,W38_12,160.0,63.3,81.1,24.7,110,62,12.2,101,5.0,219,68,139,143,0.88,11,20,22
38,W38_13,158.3,71.4,78.9,28.5,113,70,12.6,93,5.0,211,61,179,129,0.86,23,15,23
38,W38_14,160.6,58.9,85.9,22.8,122,68,12.8,93,5.4,261,58,145,105,1.01,25,29,28
38,W38_15,162.5,71.8,81.6,27.2,104,68,11.6,78,5.2,201,73,147,116,1.0,16,18,18
38,W38_16,156.8,51.8,84.2,21.1,113,66,11.9,94,5.2,192,68,97,122,1.17,31,18,20
38,W38_17,173.3,64.1,80.6,21.4,103,69,11.5,93,5.2,215,59,127,119,0.93,26,18,19
38,W38_18,154.3,60.2,76.5,25.3,122,80,11.4,92,5.0,205,78,133,130,1.18,28,16,17
38,W38_19,160.2,60.2,80.1,23.5,121,65,12.9,95,4.9,216,69,145,119,1.08,22,32,15
38,W38_20,168.5,58.8,79.7,20.7,106,70,12.5,89,4.8,236,65,145,144,1.17,18,16,17
38,W38_21,155.4,61.6,71.8,25.5,113,70,11.7,93,5.0,220,51,160,121,1.51,19,20,17
38,W38_22,162.9,82.1,79.5,30.9,118,68,12.7,81,5.2,219,77,190,137,0.98,27,19,13
38,W38_23,155.9,60.7,75.9,25.0,106,59,13.4,77,5.0,185,69,138,131,0.93,26,25,18
38,W38_24,158.0,63.9,78.8,25.6,120,72,11.2,93,5.0,177,63,122,123,1.04,22,19,14
38,W38_25,154.1,61.6,76.9,26.0,115,72,11.5,95,5.0,232,78,185,111,0.94,19,21,18
38,W38_26,157.5,51.2,85.9,20.6,95,66,13.0,89,5.2,223,65,120,141,1.52,18,19,13
38,W38_27,176.0,59.5,75.6,19.2,119,64,11.9,77,5.1,221,70,152,137,1.09,16,20,23
38,W38_28,161.2,61.2,82.7,23.6,103,69,11.8,87,5.0,182,67,149,136,1.08,18,19,14
38,W38_29,164.0,70.4,79.8,26.2,123,67,12.6,92,5.4,236,58,130,116,1.02,24,25,16
38,W38_30,170.4,69.9,79.7,24.1,111,64,12.4,79,4.9,223,73,156,127,1.24,24,23,24
39,W39_01,164.7,80.5,82.6,29.7,114,83,12.3,95,5.3,205,52,132,95,0.95,16,21,22
39,W39_02,162.9,61.0,77.3,23.0,115,67,11.6,87,5.1,220,62,179,144,0.94,22,21,12
39,W39_03,157.8,58.3,79.8,23.4,118,76,11.2,94,5.2,228,72,155,99,1.12,20,14,24
39,W39_04,157.0,62.5,82.5,25.4,102,69,12.2,90,5.5,209,49,143,127,0.95,26,16,7
39,W39_05,170.6,62.1,73.8,21.3,118,71,12.0,81,5.4,203,65,159,105,1.35,32,23,9
39,W39_06,159.6,60.9,76.9,23.9,118,73,12.1,93,4.9,255,64,119,112,0.98,28,16,12
39,W39_07,156.8,54.3,79.7,22.1,113,66,12.7,76,5.1,197,67,132,119,0.84,36,17,18
39,W39_08,163.7,64.3,74.4,24.0,99,61,13.3,87,5.2,206,74,141,114,1.17,24,16,9
39,W39_09,161.6,67.8,80.0,26.0,130,58,12.6,88,5.1,220,76,145,102,0.96,34,21,21
39,W39_10,166.8,60.9,79.5,21.9,123,66,12.2,92,5.2,196,69,159,141,0.92,30,18,21
39,W39_11,162.5,59.2,85.0,22.4,123,58,12.0,94,4.9,209,66,141,109,1.13,19,22,25
39,W39_12,158.5,71.5,77.2,28.5,107,70,12.5,89,5.0,217,62,108,94,1.01,19,20,21
39,W39_13,163.4,53.0,76.5,19.8,114,72,11.7,89,5.3,235,69,149,145,0.92,28,28,9
39,W39_14,155.1,67.9,79.8,28.2,98,70,13.0,98,5.2,229,61,106,121,0.91,20,12,19
39,W39_15,162.2,66.7,82.3,25.4,120,68,12.2,77,5.2,211,57,153,122,0.99,30,11,18
39,W39_16,165.9,61.3,79.2,22.3,101,79,12.0,88,5.0,227,60,134,117,0.95,18,24,17
39,W39_17,161.9,78.8,88.4,30.1,118,65,12.9,89,4.8,210,65,136,133,0.84,26,24,21
39,W39_18,166.8,63.3,78.3,22.7,113,67,12.4,97,5.1,230,63,114,137,0.84,26,22,23
39,W39_19,165.6,72.4,77.5,26.4,117,66,12.9,94,5.2,212,58,126,118,0.83,25,17,15
39,W39_20,162.8,61.1,86.4,23.0,112,55,11.9,97,5.0,204,73,131,124,1.12,14,14,17
39,W39_21,162.6,56.7,81.0,21.4,108,82,11.4,88,5.3,224,54,140,127,0.8,22,19,10
39,W39_22,162.7,77.2,78.7,29.2,111,76,12.1,92,5.1,193,73,101,152,0.87,19,23,20
39,W39_23,159.0,67.3,78.5,26.6,132,71,11.6,84,5.0,200,70,179,103,0.85,35,15,13
39,W39_24,153.9,67.7,78.5,28.6,111,74,11.4,81,5.0,168,76,160,84,1.26,25,17,16
39,W39_25,167.7,61.3,80.3,21.8,118,71,11.9,90,5.2,202,74,135,136,0.92,25,12,29
39,W39_26,166.7,76.2,80.8,27.4,117,69,12.2,103,4.9,212,59,145,124,1.43,21,30,21
39,W39_27,153.7,75.0,78.8,31.7,127,72,12.2,93,5.2,234,53,143,121,1.13,19,18,11
39,W39_28,158.4,67.5,74.6,26.9,113,69,12.2,96,5.3,242,69,117,120,1.6,21,16,14
39,W39_29,162.1,59.9,81.5,22.8,118,76,12.2,97,5.2,202,74,164,154,0.99,21,15,12
39,W39_30,166.4,72.8,81.3,26.3,111,76,11.1,92,5.4,226,69,135,141,1.02,27,16,12
40,W40_01,166.0,74.1,83.1,26.9,106,75,12.4,86,5.6,211,72,154,103,1.01,28,21,18
40,W40_02,161.3,70.4,76.4,27.0,111,66,13.4,86,4.9,196,65,166,160,1.21,20,16,24
40,W40_03,159.9,77.7,79.0,30.4,109,77,12.5,89,5.1,223,59,178,124,0.97,28,15,14
40,W40_04,158.3,59.2,75.7,23.6,113,68,12.1,92,5.1,202,66,159,137,1.04,33,21,23
40,W40_05,155.9,64.0,82.5,26.3,114,57,12.0,85,5.1,229,56,135,149,0.91,14,21,18
40,W40_06,170.8,68.1,76.5,23.4,119,68,11.7,89,5.2,211,65,116,112,0.98,17,16,15
40,W40_07,157.9,58.5,77.6,23.5,109,69,11.8,93,5.0,210,73,171,121,1.11,23,14,17
40,W40_08,166.9,60.7,80.1,21.8,103,75,12.6,97,5.2,224,67,162,142,0.94,37,25,17
40,W40_09,153.7,77.5,77.6,32.8,116,69,11.8,84,4.9,242,42,133,113,1.02,31,19,24
40,W40_10,162.9,55.4,85.8,20.9,102,79,12.0,94,5.0,242,61,153,113,1.0,15,18,22
40,W40_11,156.9,52.6,82.2,21.3,107,66,11.7,86,5.3,194,69,123,113,1.07,28,17,25
40,W40_12,166.0,76.2,77.9,27.6,114,74,12.0,79,4.8,197,70,157,114,0.92,32,24,12
40,W40_13,162.5,63.2,77.3,23.9,104,69,11.6,86,5.0,189,67,161,148,1.32,17,21,12
40,W40_14,163.2,57.8,79.3,21.7,121,70,11.9,92,5.0,227,66,171,149,1.08,28,15,18
40,W40_15,157.9,65.7,83.5,26.3,121,77,11.8,100,5.1,224,74,176,118,0.93,20,17,22
40,W40_16,170.9,67.6,79.4,23.1,104,73,12.6,85,5.5,220,76,137,125,1.13,19,21,22
40,W40_17,163.0,60.2,77.0,22.7,105,63,10.9,92,5.3,201,67,117,137,0.98,27,16,14
40,W40_18,160.0,65.9,81.7,25.8,114,75,12.7,79,4.8,202,84,167,108,1.42,27,15,19
40,W40_19,167.1,68.1,81.6,24.4,118,80,11.9,94,5.3,237,56,125,104,0.92,28,18,18
40,W40_20,163.3,64.8,81.3,24.3,99,73,13.1,105,5.3,217,70,125,133,0.84,25,16,23
40,W40_21,160.9,69.6,78.5,26.9,107,71,12.3,92,5.2,210,62,162,119,1.16,23,25,17
40,W40_22,157.1,67.4,80.3,27.3,129,81,11.6,79,5.4,213,58,162,116,1.08,19,24,10
40,W40_23,170.2,75.4,80.6,26.0,106,72,12.2,100,5.2,228,69,153,135,1.39,28,18,16
40,W40_24,158.5,77.3,81.5,30.8,103,64,12.4,89,4.8,194,89,159,128,1.02,22,24,29
40,W40_25,161.3,56.0,78.0,21.5,125,72,12.1,106,5.3,197,57,149,143,1.02,22,30,12
40,W40_26,167.6,62.4,80.3,22.2,109,77,11.9,104,5.4,219,67,161,111,1.06,21,23,21
40,W40_27,164.9,66.0,80.9,24.3,101,64,13.4,93,4.8,200,56,145,121,1.39,23,13,19
40,W40_28,161.5,76.0,78.1,29.1,105,71,13.1,102,5.4,201,66,137,143,1.25,25,7,22
40,W40_29,156.5,61.4,83.0,25.1,112,88,12.4,89,5.2,212,65,133,128,1.13,21,21,15
40,W40_30,156.3,57.2,81.0,23.4,94,56,12.9,92,5.2,220,69,140,118,0.86,21,16,15
