mother_id,week,height_cm,weight_kg,waist_cm
M001,12,170.1,63.4,71.9
M001,14,170.1,63.6,74.2
M001,16,170.1,64.4,76.0
M001,18,170.1,64.6,78.0
M001,20,170.1,65.0,80.1
M001,22,170.1,65.5,81.8
M001,24,170.1,66.1,84.5
M001,26,170.1,66.5,86.1
M001,28,170.1,67.5,88.8
M001,30,170.1,68.0,90.6
M001,32,170.1,68.5,92.2
M001,34,170.1,69.3,94.8
M001,36,170.1,69.5,96.9
M001,38,170.1,70.3,99.0
M001,40,170.1,71.3,101.1
M002,12,168.3,63.9,76.4
M002,14,168.3,63.8,77.0
M002,16,168.3,65.3,77.9
M002,18,168.3,65.7,79.2
M002,20,168.3,66.5,79.0
M002,22,168.3,67.1,80.5
M002,24,168.3,68.0,81.3
M002,26,168.3,68.8,82.1
M002,28,168.3,69.8,82.8
M002,30,168.3,70.7,83.7
M002,32,168.3,71.6,83.9
M002,34,168.3,72.3,85.6
M002,36,168.3,73.4,86.6
M002,38,168.3,74.0,87.7
M002,40,168.3,74.8,87.9
M003,12,165.6,66.9,81.8
M003,14,165.6,67.7,82.7
M003,16,165.6,68.8,83.5
M003,18,165.6,69.2,84.2
M003,20,165.6,69.8,84.7
M003,22,165.6,70.4,85.9
M003,24,165.6,71.3,86.4
M003,26,165.6,72.1,87.0
M003,28,165.6,73.1,87.6
M003,30,165.6,73.8,88.4
M003,32,165.6,74.7,88.5
M003,34,165.6,75.3,90.5
M003,36,165.6,76.1,91.0
M003,38,165.6,77.4,91.6
M003,40,165.6,78.2,92.0
M004,12,162.9,67.2,86.9
M004,14,162.9,67.4,87.8
M004,16,162.9,68.4,88.9
M004,18,162.9,69.0,91.2
M004,20,162.9,70.2,92.4
M004,22,162.9,71.0,94.9
M004,24,162.9,71.7,95.8
M004,26,162.9,72.9,98.3
M004,28,162.9,73.7,99.3
M004,30,162.9,74.8,101.9
M004,32,162.9,75.5,103.6
M004,34,162.9,76.6,105.1
M004,36,162.9,77.7,107.1
M004,38,162.9,78.6,109.1
M004,40,162.9,80.1,111.4
M005,12,163.4,58.2,76.7
M005,14,163.4,58.6,78.2
M005,16,163.4,59.4,79.0
M005,18,163.4,60.5,80.4
M005,20,163.4,61.2,82.5
M005,22,163.4,62.1,84.0
M005,24,163.4,62.8,85.7
M005,26,163.4,63.8,87.5
M005,28,163.4,64.5,89.1
M005,30,163.4,65.4,90.7
M005,32,163.4,66.3,92.6
M005,34,163.4,67.2,93.5
M005,36,163.4,68.4,96.2
M005,38,163.4,69.3,97.8
M005,40,163.4,70.3,98.8
M006,12,172.5,49.7,68.3
M006,14,172.5,50.0,69.5
M006,16,172.5,50.9,71.5
M006,18,172.5,51.9,72.6
M006,20,172.5,53.1,74.6
M006,22,172.5,53.3,76.6
M006,24,172.5,54.6,78.5
M006,26,172.5,55.4,79.9
M006,28,172.5,56.5,81.8
M006,30,172.5,57.2,83.0
M006,32,172.5,58.2,85.4
M006,34,172.5,59.4,87.2
M006,36,172.5,60.5,89.0
M006,38,172.5,61.5,90.6
M006,40,172.5,62.3,93.2
M007,12,160.8,50.7,81.8
M007,14,160.8,51.4,82.3
M007,16,160.8,52.1,83.0
M007,18,160.8,53.4,83.4
M007,20,160.8,54.1,84.2
M007,22,160.8,55.0,84.9
M007,24,160.8,56.0,85.7
M007,26,160.8,57.1,86.7
M007,28,160.8,58.2,87.5
M007,30,160.8,59.3,87.5
M007,32,160.8,60.7,88.2
M007,34,160.8,61.4,89.4
M007,36,160.8,62.8,90.4
M007,38,160.8,63.9,91.1
M007,40,160.8,65.0,91.2
M008,12,158.4,50.4,81.3
M008,14,158.4,50.8,82.5
M008,16,158.4,51.3,84.6
M008,18,158.4,51.5,87.6
M008,20,158.4,52.4,89.0
M008,22,158.4,52.7,91.0
M008,24,158.4,53.7,94.0
M008,26,158.4,54.3,95.8
M008,28,158.4,55.1,97.8
M008,30,158.4,55.9,100.4
M008,32,158.4,56.8,103.5
M008,34,158.4,57.2,104.5
M008,36,158.4,57.6,107.2
M008,38,158.4,58.8,109.8
M008,40,158.4,59.6,111.7
M009,12,168.0,54.7,75.3
M009,14,168.0,54.8,76.3
M009,16,168.0,55.7,76.6
M009,18,168.0,56.3,78.6
M009,20,168.0,57.1,79.4
M009,22,168.0,57.6,81.1
M009,24,168.0,58.2,83.0
M009,26,168.0,59.0,83.7
M009,28,168.0,59.7,85.5
M009,30,168.0,60.6,85.8
M009,32,168.0,61.5,88.6
M009,34,168.0,62.0,89.1
M009,36,168.0,62.9,91.3
M009,38,168.0,63.6,92.5
M009,40,168.0,64.7,93.4
M010,12,154.2,48.4,68.2
M010,14,154.2,48.9,70.0
M010,16,154.2,49.3,71.9
M010,18,154.2,49.7,74.4
M010,20,154.2,50.1,76.8
M010,22,154.2,50.6,78.4
M010,24,154.2,51.7,80.9
M010,26,154.2,51.8,83.6
M010,28,154.2,52.6,85.5
M010,30,154.2,53.3,87.6
M010,32,154.2,54.0,90.4
M010,34,154.2,54.5,92.1
M010,36,154.2,55.6,94.3
M010,38,154.2,56.1,97.2
M010,40,154.2,56.8,99.3
M011,12,165.5,64.6,82.4
M011,14,165.5,65.2,83.8
M011,16,165.5,66.1,85.2
M011,18,165.5,66.1,85.8
M011,20,165.5,66.8,87.5
M011,22,165.5,67.0,89.4
M011,24,165.5,68.1,90.4
M011,26,165.5,68.3,91.7
M011,28,165.5,68.5,92.9
M011,30,165.5,69.5,94.6
M011,32,165.5,69.5,96.0
M011,34,165.5,70.3,97.5
M011,36,165.5,71.0,98.9
M011,38,165.5,71.5,100.8
M011,40,165.5,72.2,102.1
M012,12,155.2,44.7,75.6
M012,14,155.2,45.5,76.9
M012,16,155.2,45.8,78.9
M012,18,155.2,46.5,80.8
M012,20,155.2,47.4,82.3
M012,22,155.2,47.8,84.2
M012,24,155.2,48.5,85.0
M012,26,155.2,49.2,87.3
M012,28,155.2,49.9,89.3
M012,30,155.2,50.6,91.5
M012,32,155.2,51.5,93.2
M012,34,155.2,52.4,95.6
M012,36,155.2,52.8,97.2
M012,38,155.2,53.8,99.4
M012,40,155.2,54.6,101.3
M013,12,156.3,47.4,76.1
M013,14,156.3,47.8,76.5
M013,16,156.3,48.6,78.3
M013,18,156.3,49.3,78.4
M013,20,156.3,49.9,80.2
M013,22,156.3,50.3,80.7
M013,24,156.3,50.9,81.9
M013,26,156.3,51.6,82.7
M013,28,156.3,52.7,83.5
M013,30,156.3,53.6,85.1
M013,32,156.3,54.1,85.3
M013,34,156.3,54.8,87.0
M013,36,156.3,55.2,87.8
M013,38,156.3,56.4,88.0
M013,40,156.3,57.0,89.7
M014,12,158.4,54.8,80.1
M014,14,158.4,55.0,81.1
M014,16,158.4,56.3,82.1
M014,18,158.4,56.7,83.4
M014,20,158.4,57.7,84.0
M014,22,158.4,58.2,85.2
M014,24,158.4,59.2,86.7
M014,26,158.4,60.6,87.3
M014,28,158.4,60.5,88.4
M014,30,158.4,61.7,89.6
M014,32,158.4,62.2,90.8
M014,34,158.4,63.7,92.4
M014,36,158.4,64.1,93.1
M014,38,158.4,65.4,93.9
M014,40,158.4,66.1,95.6
M015,12,163.7,55.6,70.7
M015,14,163.7,55.8,72.3
M015,16,163.7,56.2,73.8
M015,18,163.7,56.6,75.5
M015,20,163.7,57.0,77.9
M015,22,163.7,57.1,79.3
M015,24,163.7,57.7,80.2
M015,26,163.7,58.1,82.5
M015,28,163.7,58.5,84.4
M015,30,163.7,59.1,86.2
M015,32,163.7,59.2,88.2
M015,34,163.7,60.0,89.9
M015,36,163.7,60.6,92.5
M015,38,163.7,60.7,94.4
M015,40,163.7,61.5,95.8
M016,12,163.3,51.9,68.2
M016,14,163.3,52.2,68.7
M016,16,163.3,52.5,69.7
M016,18,163.3,52.9,70.7
M016,20,163.3,53.3,72.4
M016,22,163.3,54.1,73.3
M016,24,163.3,54.4,73.7
M016,26,163.3,54.8,74.8
M016,28,163.3,55.5,76.5
M016,30,163.3,56.1,76.9
M016,32,163.3,56.9,77.8
M016,34,163.3,57.4,79.5
M016,36,163.3,58.2,80.5
M016,38,163.3,58.8,82.0
M016,40,163.3,59.0,82.4
M017,12,160.4,48.1,83.8
M017,14,160.4,48.2,85.2
M017,16,160.4,49.0,85.7
M017,18,160.4,49.5,86.7
M017,20,160.4,49.8,88.3
M017,22,160.4,50.7,89.5
M017,24,160.4,51.0,89.8
M017,26,160.4,51.5,91.5
M017,28,160.4,52.6,92.9
M017,30,160.4,53.2,93.8
M017,32,160.4,53.5,95.4
M017,34,160.4,54.1,95.9
M017,36,160.4,54.7,96.8
M017,38,160.4,55.4,98.8
M017,40,160.4,56.1,99.6
M018,12,159.1,57.8,79.7
M018,14,159.1,58.2,80.7
M018,16,159.1,59.1,81.3
M018,18,159.1,59.5,82.4
M018,20,159.1,60.2,83.0
M018,22,159.1,60.7,83.5
M018,24,159.1,61.8,83.9
M018,26,159.1,62.3,85.4
M018,28,159.1,62.9,85.9
M018,30,159.1,63.9,87.2
M018,32,159.1,64.5,88.2
M018,34,159.1,65.3,89.8
M018,36,159.1,65.9,90.5
M018,38,159.1,66.9,91.0
M018,40,159.1,67.6,92.4
M019,12,160.5,59.6,78.3
M019,14,160.5,60.1,80.7
M019,16,160.5,60.7,82.1
M019,18,160.5,60.9,83.8
M019,20,160.5,61.7,86.7
M019,22,160.5,62.1,87.9
M019,24,160.5,63.0,90.1
M019,26,160.5,63.3,92.1
M019,28,160.5,63.8,94.7
M019,30,160.5,64.6,96.4
M019,32,160.5,64.7,98.5
M019,34,160.5,65.5,100.6
M019,36,160.5,66.0,102.9
M019,38,160.5,66.7,105.0
M019,40,160.5,67.4,106.7
M020,12,173.7,62.1,75.6
M020,14,173.7,62.2,76.3
M020,16,173.7,63.5,78.8
M020,18,173.7,63.5,80.8
M020,20,173.7,64.9,83.9
M020,22,173.7,65.3,85.9
M020,24,173.7,65.9,87.7
M020,26,173.7,66.7,90.9
M020,28,173.7,67.4,93.1
M020,30,173.7,68.1,95.4
M020,32,173.7,69.4,98.3
M020,34,173.7,69.6,99.3
M020,36,173.7,70.4,102.2
M020,38,173.7,71.5,104.4
M020,40,173.7,72.2,107.3
M021,12,170.2,59.8,81.2
M021,14,170.2,60.4,82.2
M021,16,170.2,60.9,84.0
M021,18,170.2,61.9,84.9
M021,20,170.2,63.0,86.3
M021,22,170.2,63.8,87.5
M021,24,170.2,64.4,88.9
M021,26,170.2,65.7,90.5
M021,28,170.2,66.5,91.9
M021,30,170.2,67.7,93.5
M021,32,170.2,68.6,94.8
M021,34,170.2,69.6,95.9
M021,36,170.2,70.3,97.4
M021,38,170.2,71.4,99.5
M021,40,170.2,72.4,100.4
M022,12,170.3,53.3,80.7
M022,14,170.3,54.2,81.6
M022,16,170.3,55.2,81.7
M022,18,170.3,55.8,82.9
M022,20,170.3,56.6,83.8
M022,22,170.3,57.6,84.9
M022,24,170.3,58.8,86.3
M022,26,170.3,59.7,86.2
M022,28,170.3,60.8,87.4
M022,30,170.3,61.5,88.5
M022,32,170.3,62.7,89.3
M022,34,170.3,64.0,90.5
M022,36,170.3,65.0,90.8
M022,38,170.3,66.3,91.8
M022,40,170.3,67.9,93.7
M023,12,161.9,56.2,75.4
M023,14,161.9,56.3,76.9
M023,16,161.9,57.1,77.5
M023,18,161.9,57.3,78.7
M023,20,161.9,57.9,80.7
M023,22,161.9,58.5,81.0
M023,24,161.9,58.8,83.3
M023,26,161.9,59.6,84.0
M023,28,161.9,60.2,85.5
M023,30,161.9,60.8,86.9
M023,32,161.9,61.5,88.0
M023,34,161.9,62.1,88.8
M023,36,161.9,62.6,90.8
M023,38,161.9,63.2,92.3
M023,40,161.9,63.5,92.6
M024,12,174.9,51.9,74.4
M024,14,174.9,52.2,76.4
M024,16,174.9,52.3,77.5
M024,18,174.9,52.7,79.4
M024,20,174.9,53.1,80.7
M024,22,174.9,53.4,82.7
M024,24,174.9,54.1,84.5
M024,26,174.9,54.5,86.3
M024,28,174.9,54.6,88.1
M024,30,174.9,55.4,89.9
M024,32,174.9,55.7,91.3
M024,34,174.9,56.3,93.3
M024,36,174.9,56.7,95.1
M024,38,174.9,56.8,97.0
M024,40,174.9,57.4,98.1
M025,12,153.4,51.1,78.0
M025,14,153.4,51.9,78.9
M025,16,153.4,52.4,80.0
M025,18,153.4,52.9,81.7
M025,20,153.4,53.7,83.3
M025,22,153.4,54.3,85.2
M025,24,153.4,54.8,86.2
M025,26,153.4,55.3,88.4
M025,28,153.4,56.5,89.8
M025,30,153.4,57.3,91.7
M025,32,153.4,57.5,93.9
M025,34,153.4,58.5,94.9
M025,36,153.4,59.4,97.0
M025,38,153.4,59.9,98.4
M025,40,153.4,60.9,99.8
M026,12,161.0,49.1,72.3
M026,14,161.0,50.1,74.5
M026,16,161.0,51.0,75.4
M026,18,161.0,51.7,76.7
M026,20,161.0,52.8,77.8
M026,22,161.0,53.6,80.1
M026,24,161.0,55.0,81.0
M026,26,161.0,56.3,81.9
M026,28,161.0,57.0,84.4
M026,30,161.0,58.2,86.3
M026,32,161.0,59.7,86.8
M026,34,161.0,60.9,88.4
M026,36,161.0,62.1,89.4
M026,38,161.0,63.3,91.6
M026,40,161.0,64.5,92.5
M027,12,159.4,46.0,68.2
M027,14,159.4,46.7,69.1
M027,16,159.4,48.1,70.3
M027,18,159.4,48.7,72.6
M027,20,159.4,50.3,73.3
M027,22,159.4,51.3,75.1
M027,24,159.4,52.6,76.2
M027,26,159.4,54.1,78.0
M027,28,159.4,55.6,79.3
M027,30,159.4,57.0,80.1
M027,32,159.4,58.2,82.4
M027,34,159.4,59.5,83.7
M027,36,159.4,61.1,84.9
M027,38,159.4,63.0,86.5
M027,40,159.4,63.9,87.9
M028,12,162.2,57.8,74.4
M028,14,162.2,58.1,75.0
M028,16,162.2,58.8,76.8
M028,18,162.2,59.2,77.5
M028,20,162.2,59.4,79.2
M028,22,162.2,60.2,81.4
M028,24,162.2,60.6,82.0
M028,26,162.2,61.2,84.0
M028,28,162.2,61.7,85.7
M028,30,162.2,62.0,87.2
M028,32,162.2,62.6,88.0
M028,34,162.2,63.1,89.7
M028,36,162.2,63.8,91.4
M028,38,162.2,64.2,92.5
M028,40,162.2,64.7,93.6
M029,12,160.3,61.8,81.1
M029,14,160.3,62.2,82.7
M029,16,160.3,62.9,83.3
M029,18,160.3,63.6,84.5
M029,20,160.3,63.7,86.1
M029,22,160.3,64.5,86.3
M029,24,160.3,65.0,87.3
M029,26,160.3,65.7,88.9
M029,28,160.3,66.2,89.8
M029,30,160.3,67.0,90.3
M029,32,160.3,68.0,91.4
M029,34,160.3,68.9,92.3
M029,36,160.3,68.9,92.5
M029,38,160.3,70.4,94.4
M029,40,160.3,70.8,96.4
M030,12,166.1,48.0,74.1
M030,14,166.1,48.6,76.0
M030,16,166.1,49.3,77.8
M030,18,166.1,50.0,79.6
M030,20,166.1,50.4,81.1
M030,22,166.1,51.3,83.1
M030,24,166.1,52.5,84.8
M030,26,166.1,53.4,86.6
M030,28,166.1,54.0,88.8
M030,30,166.1,54.8,90.3
M030,32,166.1,56.1,92.2
M030,34,166.1,56.5,94.4
M030,36,166.1,57.4,95.8
M030,38,166.1,58.5,98.5
M030,40,166.1,59.2,100.6
M031,12,164.0,64.0,85.4
M031,14,164.0,64.7,86.0
M031,16,164.0,65.3,87.7
M031,18,164.0,65.7,88.4
M031,20,164.0,66.9,89.2
M031,22,164.0,67.7,90.5
M031,24,164.0,68.5,92.0
M031,26,164.0,69.4,92.2
M031,28,164.0,70.4,93.0
M031,30,164.0,71.2,94.3
M031,32,164.0,72.3,96.1
M031,34,164.0,73.4,96.7
M031,36,164.0,74.1,98.6
M031,38,164.0,75.4,99.6
M031,40,164.0,76.2,100.7
M032,12,163.0,58.9,86.1
M032,14,163.0,59.4,88.5
M032,16,163.0,60.2,90.1
M032,18,163.0,60.9,92.2
M032,20,163.0,61.4,94.3
M032,22,163.0,62.4,96.6
M032,24,163.0,63.5,99.4
M032,26,163.0,64.4,101.1
M032,28,163.0,65.9,104.0
M032,30,163.0,66.5,105.9
M032,32,163.0,67.4,108.5
M032,34,163.0,68.1,110.4
M032,36,163.0,69.6,113.3
M032,38,163.0,70.8,115.7
M032,40,163.0,71.8,118.0
M033,12,162.3,62.5,74.9
M033,14,162.3,62.8,76.3
M033,16,162.3,63.9,77.6
M033,18,162.3,64.7,78.4
M033,20,162.3,65.7,79.4
M033,22,162.3,67.0,80.9
M033,24,162.3,68.5,81.9
M033,26,162.3,69.3,82.8
M033,28,162.3,70.3,84.4
M033,30,162.3,71.5,85.9
M033,32,162.3,72.6,87.8
M033,34,162.3,73.7,89.7
M033,36,162.3,75.1,90.3
M033,38,162.3,76.0,91.7
M033,40,162.3,77.4,93.3
M034,12,172.2,59.0,73.9
M034,14,172.2,59.5,76.0
M034,16,172.2,60.2,77.2
M034,18,172.2,60.8,77.6
M034,20,172.2,61.3,79.9
M034,22,172.2,62.2,81.3
M034,24,172.2,63.0,82.9
M034,26,172.2,63.6,84.4
M034,28,172.2,64.6,86.2
M034,30,172.2,65.4,87.5
M034,32,172.2,66.2,89.3
M034,34,172.2,66.9,90.6
M034,36,172.2,67.6,92.3
M034,38,172.2,68.4,93.3
M034,40,172.2,69.3,95.0
M035,12,158.1,60.3,78.0
M035,14,158.1,60.8,80.1
M035,16,158.1,61.7,81.0
M035,18,158.1,62.6,82.3
M035,20,158.1,63.9,84.2
M035,22,158.1,64.7,85.9
M035,24,158.1,66.2,86.8
M035,26,158.1,67.3,88.5
M035,28,158.1,68.2,89.8
M035,30,158.1,69.5,90.9
M035,32,158.1,70.7,93.0
M035,34,158.1,72.4,94.1
M035,36,158.1,73.3,95.6
M035,38,158.1,74.4,97.7
M035,40,158.1,75.5,99.2
M036,12,166.0,60.7,75.2
M036,14,166.0,60.5,77.2
M036,16,166.0,61.2,78.4
M036,18,166.0,61.7,80.6
M036,20,166.0,62.2,82.2
M036,22,166.0,62.8,82.3
M036,24,166.0,63.4,84.4
M036,26,166.0,64.1,86.5
M036,28,166.0,64.4,88.4
M036,30,166.0,65.3,89.8
M036,32,166.0,65.8,90.5
M036,34,166.0,66.4,92.3
M036,36,166.0,67.0,93.6
M036,38,166.0,67.3,95.6
M036,40,166.0,68.2,97.2
M037,12,169.1,64.5,80.8
M037,14,169.1,65.2,82.2
M037,16,169.1,65.6,84.1
M037,18,169.1,66.1,84.4
M037,20,169.1,67.0,86.0
M037,22,169.1,67.9,87.4
M037,24,169.1,68.9,88.7
M037,26,169.1,69.7,89.7
M037,28,169.1,70.3,90.6
M037,30,169.1,71.2,92.6
M037,32,169.1,72.0,93.6
M037,34,169.1,73.3,94.7
M037,36,169.1,74.2,95.9
M037,38,169.1,75.0,97.7
M037,40,169.1,76.1,98.6
M038,12,156.2,58.6,67.9
M038,14,156.2,59.3,69.6
M038,16,156.2,60.0,70.6
M038,18,156.2,60.7,71.4
M038,20,156.2,61.8,72.1
M038,22,156.2,62.6,72.9
M038,24,156.2,64.1,74.9
M038,26,156.2,64.9,75.9
M038,28,156.2,65.8,76.8
M038,30,156.2,67.1,78.3
M038,32,156.2,68.1,78.9
M038,34,156.2,69.6,81.5
M038,36,156.2,70.6,81.9
M038,38,156.2,72.1,83.1
M038,40,156.2,72.8,84.1
M039,12,161.2,55.9,85.6
M039,14,161.2,56.4,86.5
M039,16,161.2,57.3,87.3
M039,18,161.2,57.8,88.1
M039,20,161.2,58.9,89.7
M039,22,161.2,59.7,90.7
M039,24,161.2,60.9,92.0
M039,26,161.2,61.8,92.2
M039,28,161.2,63.0,93.8
M039,30,161.2,63.9,95.1
M039,32,161.2,64.9,96.0
M039,34,161.2,65.8,97.7
M039,36,161.2,67.2,98.4
M039,38,161.2,68.2,99.8
M039,40,161.2,69.0,101.2
M040,12,167.3,49.8,79.3
M040,14,167.3,50.5,81.4
M040,16,167.3,51.4,82.9
M040,18,167.3,52.5,84.7
M040,20,167.3,53.3,86.0
M040,22,167.3,54.3,87.4
M040,24,167.3,55.1,89.3
M040,26,167.3,56.5,90.9
M040,28,167.3,57.6,92.3
M040,30,167.3,58.5,93.9
M040,32,167.3,59.7,95.3
M040,34,167.3,60.9,97.2
M040,36,167.3,62.0,98.9
M040,38,167.3,63.5,100.0
M040,40,167.3,64.4,101.6
M041,12,161.4,45.2,69.6
M041,14,161.4,45.7,70.7
M041,16,161.4,46.1,72.3
M041,18,161.4,47.2,73.1
M041,20,161.4,47.7,75.0
M041,22,161.4,48.7,76.0
M041,24,161.4,49.6,78.0
M041,26,161.4,50.3,79.0
M041,28,161.4,51.1,80.3
M041,30,161.4,52.6,82.2
M041,32,161.4,53.1,83.9
M041,34,161.4,54.0,84.7
M041,36,161.4,54.7,86.4
M041,38,161.4,55.6,87.4
M041,40,161.4,56.8,89.6
M042,12,174.2,62.2,75.5
M042,14,174.2,62.6,76.4
M042,16,174.2,63.4,77.8
M042,18,174.2,64.2,78.8
M042,20,174.2,65.3,80.2
M042,22,174.2,66.2,81.4
M042,24,174.2,67.4,82.1
M042,26,174.2,68.5,83.4
M042,28,174.2,69.4,85.1
M042,30,174.2,70.6,86.1
M042,32,174.2,71.6,87.3
M042,34,174.2,73.1,88.5
M042,36,174.2,73.8,89.8
M042,38,174.2,74.9,91.9
M042,40,174.2,76.0,92.6
M043,12,162.5,60.2,81.4
M043,14,162.5,61.0,82.7
M043,16,162.5,61.5,83.2
M043,18,162.5,62.2,84.5
M043,20,162.5,63.1,85.8
M043,22,162.5,63.8,87.0
M043,24,162.5,64.3,88.6
M043,26,162.5,65.6,89.4
M043,28,162.5,66.1,90.9
M043,30,162.5,66.8,92.5
M043,32,162.5,67.6,93.2
M043,34,162.5,68.7,94.6
M043,36,162.5,69.0,95.0
M043,38,162.5,70.0,97.6
M043,40,162.5,71.1,98.1
M044,12,171.7,51.9,73.4
M044,14,171.7,52.9,74.9
M044,16,171.7,53.3,75.8
M044,18,171.7,54.1,77.6
M044,20,171.7,55.0,78.3
M044,22,171.7,55.6,80.2
M044,24,171.7,56.6,80.5
M044,26,171.7,57.8,81.5
M044,28,171.7,58.4,83.2
M044,30,171.7,59.3,84.1
M044,32,171.7,60.0,86.0
M044,34,171.7,61.0,85.9
M044,36,171.7,61.6,87.2
M044,38,171.7,62.8,88.8
M044,40,171.7,63.7,89.9
M045,12,161.5,55.8,73.4
M045,14,161.5,56.0,74.3
M045,16,161.5,56.9,75.6
M045,18,161.5,57.4,77.3
M045,20,161.5,58.4,78.3
M045,22,161.5,59.4,80.0
M045,24,161.5,60.4,81.1
M045,26,161.5,61.1,82.8
M045,28,161.5,62.2,84.1
M045,30,161.5,63.3,85.7
M045,32,161.5,63.8,87.1
M045,34,161.5,65.0,88.3
M045,36,161.5,66.0,90.1
M045,38,161.5,66.9,91.4
M045,40,161.5,68.2,93.0
M046,12,162.9,61.2,74.3
M046,14,162.9,61.6,75.6
M046,16,162.9,62.4,76.4
M046,18,162.9,63.6,77.7
M046,20,162.9,63.9,79.7
M046,22,162.9,64.7,80.6
M046,24,162.9,65.6,82.2
M046,26,162.9,66.5,83.1
M046,28,162.9,67.3,84.6
M046,30,162.9,68.4,85.7
M046,32,162.9,69.4,87.7
M046,34,162.9,70.4,88.7
M046,36,162.9,70.9,89.7
M046,38,162.9,72.3,91.3
M046,40,162.9,73.0,92.5
M047,12,164.7,63.1,90.4
M047,14,164.7,63.6,90.8
M047,16,164.7,64.1,91.0
M047,18,164.7,64.7,91.9
M047,20,164.7,65.7,93.2
M047,22,164.7,66.4,94.5
M047,24,164.7,67.0,95.5
M047,26,164.7,67.6,96.4
M047,28,164.7,68.4,97.2
M047,30,164.7,69.3,98.1
M047,32,164.7,69.9,99.0
M047,34,164.7,71.0,100.1
M047,36,164.7,71.8,100.7
M047,38,164.7,72.2,101.5
M047,40,164.7,73.4,102.8
M048,12,152.6,72.1,84.2
M048,14,152.6,72.2,84.7
M048,16,152.6,73.1,85.3
M048,18,152.6,73.9,85.9
M048,20,152.6,74.8,86.2
M048,22,152.6,75.6,87.8
M048,24,152.6,76.7,87.7
M048,26,152.6,77.4,88.7
M048,28,152.6,78.4,89.7
M048,30,152.6,79.1,90.3
M048,32,152.6,80.6,91.0
M048,34,152.6,81.4,92.1
M048,36,152.6,82.5,92.5
M048,38,152.6,83.5,93.4
M048,40,152.6,84.4,94.1
M049,12,153.2,49.3,74.2
M049,14,153.2,49.0,75.0
M049,16,153.2,50.1,76.7
M049,18,153.2,50.1,78.0
M049,20,153.2,50.3,80.0
M049,22,153.2,51.0,80.7
M049,24,153.2,51.0,82.2
M049,26,153.2,52.1,85.4
M049,28,153.2,52.4,85.6
M049,30,153.2,52.7,88.5
M049,32,153.2,52.9,89.7
M049,34,153.2,53.7,91.5
M049,36,153.2,54.1,92.6
M049,38,153.2,54.7,95.2
M049,40,153.2,54.9,95.9
M050,12,156.2,63.3,75.5
M050,14,156.2,63.9,76.6
M050,16,156.2,64.4,78.0
M050,18,156.2,65.0,79.3
M050,20,156.2,65.5,79.6
M050,22,156.2,66.3,81.4
M050,24,156.2,66.9,82.2
M050,26,156.2,67.8,83.7
M050,28,156.2,68.6,84.8
M050,30,156.2,69.4,86.7
M050,32,156.2,70.0,88.0
M050,34,156.2,70.2,88.7
M050,36,156.2,71.4,90.1
M050,38,156.2,72.3,91.0
M050,40,156.2,72.8,92.9
M051,12,151.1,57.4,88.4
M051,14,151.1,57.7,89.1
M051,16,151.1,58.0,90.4
M051,18,151.1,58.8,91.7
M051,20,151.1,59.5,91.8
M051,22,151.1,59.8,94.0
M051,24,151.1,60.4,95.3
M051,26,151.1,61.0,95.8
M051,28,151.1,61.4,97.6
M051,30,151.1,62.0,98.8
M051,32,151.1,62.7,99.8
M051,34,151.1,63.3,100.7
M051,36,151.1,64.0,101.2
M051,38,151.1,64.7,102.8
M051,40,151.1,65.3,104.4
M052,12,163.1,64.1,82.6
M052,14,163.1,64.4,83.4
M052,16,163.1,65.1,84.7
M052,18,163.1,65.7,84.8
M052,20,163.1,66.4,86.2
M052,22,163.1,67.1,86.4
M052,24,163.1,67.9,87.5
M052,26,163.1,68.8,88.5
M052,28,163.1,69.5,88.9
M052,30,163.1,70.0,90.1
M052,32,163.1,71.2,91.5
M052,34,163.1,71.9,92.3
M052,36,163.1,72.6,92.9
M052,38,163.1,73.5,94.5
M052,40,163.1,74.4,94.9
M053,12,160.8,55.2,68.1
M053,14,160.8,55.8,68.6
M053,16,160.8,55.9,71.0
M053,18,160.8,56.7,72.8
M053,20,160.8,56.8,73.4
M053,22,160.8,57.3,75.4
M053,24,160.8,58.0,77.2
M053,26,160.8,58.3,78.1
M053,28,160.8,59.2,80.2
M053,30,160.8,59.4,80.9
M053,32,160.8,60.1,83.2
M053,34,160.8,61.0,84.4
M053,36,160.8,61.8,86.6
M053,38,160.8,62.5,87.7
M053,40,160.8,62.4,89.8
M054,12,166.1,47.9,68.6
M054,14,166.1,48.7,68.8
M054,16,166.1,49.2,69.1
M054,18,166.1,49.5,70.4
M054,20,166.1,50.6,71.7
M054,22,166.1,51.3,72.5
M054,24,166.1,52.0,73.8
M054,26,166.1,52.6,74.9
M054,28,166.1,53.7,75.6
M054,30,166.1,53.9,76.9
M054,32,166.1,55.2,77.7
M054,34,166.1,55.7,79.1
M054,36,166.1,56.5,80.0
M054,38,166.1,57.5,81.3
M054,40,166.1,58.2,82.4
M055,12,159.4,56.2,79.3
M055,14,159.4,56.5,80.4
M055,16,159.4,56.9,82.4
M055,18,159.4,57.3,84.0
M055,20,159.4,58.0,85.3
M055,22,159.4,58.3,87.0
M055,24,159.4,58.6,88.0
M055,26,159.4,59.2,90.0
M055,28,159.4,59.8,92.3
M055,30,159.4,60.0,93.5
M055,32,159.4,60.8,95.2
M055,34,159.4,61.0,96.8
M055,36,159.4,61.8,97.7
M055,38,159.4,62.2,99.2
M055,40,159.4,62.7,101.6
M056,12,160.3,51.5,80.8
M056,14,160.3,52.0,82.4
M056,16,160.3,52.8,84.7
M056,18,160.3,53.7,85.7
M056,20,160.3,54.8,87.5
M056,22,160.3,55.6,88.6
M056,24,160.3,56.7,90.3
M056,26,160.3,57.6,91.9
M056,28,160.3,58.7,93.7
M056,30,160.3,59.6,95.7
M056,32,160.3,61.2,97.1
M056,34,160.3,62.0,99.3
M056,36,160.3,62.9,100.5
M056,38,160.3,64.0,102.2
M056,40,160.3,65.1,103.8
M057,12,166.5,49.0,80.1
M057,14,166.5,49.4,81.4
M057,16,166.5,50.1,83.4
M057,18,166.5,50.8,84.6
M057,20,166.5,51.1,86.4
M057,22,166.5,51.7,87.7
M057,24,166.5,52.5,90.2
M057,26,166.5,53.0,90.0
M057,28,166.5,53.7,91.7
M057,30,166.5,54.3,94.1
M057,32,166.5,54.9,94.7
M057,34,166.5,55.8,96.0
M057,36,166.5,56.7,97.5
M057,38,166.5,57.2,99.7
M057,40,166.5,58.0,100.9
M058,12,161.9,49.8,68.0
M058,14,161.9,50.4,70.0
M058,16,161.9,50.8,70.5
M058,18,161.9,51.5,72.5
M058,20,161.9,52.4,74.0
M058,22,161.9,52.6,75.6
M058,24,161.9,53.1,77.6
M058,26,161.9,54.2,79.4
M058,28,161.9,54.7,81.3
M058,30,161.9,55.8,82.7
M058,32,161.9,56.3,84.5
M058,34,161.9,57.1,86.5
M058,36,161.9,58.2,88.1
M058,38,161.9,59.0,90.1
M058,40,161.9,59.5,91.8
M059,12,172.6,69.7,90.5
M059,14,172.6,70.0,90.7
M059,16,172.6,71.0,90.7
M059,18,172.6,71.9,92.1
M059,20,172.6,72.5,92.6
M059,22,172.6,73.2,92.9
M059,24,172.6,74.2,94.3
M059,26,172.6,75.4,94.9
M059,28,172.6,76.3,95.5
M059,30,172.6,77.6,96.4
M059,32,172.6,78.4,97.1
M059,34,172.6,79.2,97.6
M059,36,172.6,79.9,98.1
M059,38,172.6,81.2,99.2
M059,40,172.6,82.1,99.8
M060,12,163.6,56.7,70.6
M060,14,163.6,57.4,72.1
M060,16,163.6,58.2,73.6
M060,18,163.6,58.3,75.5
M060,20,163.6,59.5,76.6
M060,22,163.6,60.5,78.8
M060,24,163.6,61.5,80.5
M060,26,163.6,62.2,82.4
M060,28,163.6,63.0,83.8
M060,30,163.6,63.8,84.6
M060,32,163.6,65.2,87.5
M060,34,163.6,66.1,89.6
M060,36,163.6,67.0,91.2
M060,38,163.6,68.1,93.3
M060,40,163.6,69.0,95.0
M061,12,163.4,67.6,81.8
M061,14,163.4,68.0,83.5
M061,16,163.4,68.5,85.3
M061,18,163.4,69.6,88.1
M061,20,163.4,69.8,89.9
M061,22,163.4,71.1,92.1
M061,24,163.4,71.7,94.2
M061,26,163.4,72.6,96.2
M061,28,163.4,73.6,99.1
M061,30,163.4,74.3,100.6
M061,32,163.4,75.0,103.4
M061,34,163.4,75.8,105.5
M061,36,163.4,76.6,108.4
M061,38,163.4,77.7,110.6
M061,40,163.4,78.6,112.5
M062,12,160.3,44.8,80.2
M062,14,160.3,45.5,82.3
M062,16,160.3,46.6,83.5
M062,18,160.3,47.4,84.3
M062,20,160.3,48.2,85.8
M062,22,160.3,49.3,86.5
M062,24,160.3,50.3,88.2
M062,26,160.3,51.4,89.2
M062,28,160.3,52.2,91.3
M062,30,160.3,53.0,91.9
M062,32,160.3,54.5,93.2
M062,34,160.3,55.2,94.9
M062,36,160.3,56.6,96.0
M062,38,160.3,57.7,97.6
M062,40,160.3,58.9,99.4
M063,12,167.7,62.0,83.7
M063,14,167.7,62.8,85.6
M063,16,167.7,63.7,87.2
M063,18,167.7,65.2,89.8
M063,20,167.7,66.4,91.6
M063,22,167.7,67.7,93.9
M063,24,167.7,68.8,95.1
M063,26,167.7,70.0,97.4
M063,28,167.7,71.1,99.1
M063,30,167.7,72.5,101.4
M063,32,167.7,73.7,102.9
M063,34,167.7,75.3,106.2
M063,36,167.7,76.7,107.0
M063,38,167.7,78.5,109.8
M063,40,167.7,79.8,111.7
M064,12,161.7,55.2,78.2
M064,14,161.7,55.7,79.7
M064,16,161.7,56.4,81.6
M064,18,161.7,57.4,82.8
M064,20,161.7,58.2,85.2
M064,22,161.7,59.6,87.0
M064,24,161.7,60.5,88.2
M064,26,161.7,61.1,90.1
M064,28,161.7,62.1,92.1
M064,30,161.7,63.4,93.9
M064,32,161.7,64.2,96.0
M064,34,161.7,65.1,97.8
M064,36,161.7,66.4,99.4
M064,38,161.7,67.5,101.3
M064,40,161.7,68.6,103.7
M065,12,167.0,63.1,68.5
M065,14,167.0,63.8,69.6
M065,16,167.0,64.5,71.5
M065,18,167.0,65.6,72.9
M065,20,167.0,66.4,75.1
M065,22,167.0,67.4,77.2
M065,24,167.0,68.1,78.6
M065,26,167.0,69.4,80.6
M065,28,167.0,70.3,82.2
M065,30,167.0,71.5,84.2
M065,32,167.0,72.7,86.6
M065,34,167.0,73.6,88.8
M065,36,167.0,74.7,90.0
M065,38,167.0,75.7,92.2
M065,40,167.0,77.3,94.0
M066,12,169.6,45.9,68.2
M066,14,169.6,45.9,69.1
M066,16,169.6,46.9,70.5
M066,18,169.6,47.5,72.3
M066,20,169.6,48.1,74.0
M066,22,169.6,48.5,74.9
M066,24,169.6,49.1,76.5
M066,26,169.6,49.7,77.7
M066,28,169.6,50.5,78.7
M066,30,169.6,51.2,80.6
M066,32,169.6,51.9,82.1
M066,34,169.6,52.8,83.6
M066,36,169.6,53.5,85.2
M066,38,169.6,53.9,86.3
M066,40,169.6,54.9,87.7
M067,12,164.8,55.0,73.0
M067,14,164.8,55.5,73.7
M067,16,164.8,55.8,74.8
M067,18,164.8,56.5,76.2
M067,20,164.8,57.0,77.3
M067,22,164.8,57.6,78.3
M067,24,164.8,57.9,79.6
M067,26,164.8,58.7,80.9
M067,28,164.8,59.3,81.9
M067,30,164.8,59.9,83.1
M067,32,164.8,60.7,84.5
M067,34,164.8,61.1,86.1
M067,36,164.8,61.7,87.3
M067,38,164.8,62.3,88.0
M067,40,164.8,63.1,89.3
M068,12,160.9,54.7,88.1
M068,14,160.9,54.7,88.9
M068,16,160.9,55.2,90.4
M068,18,160.9,55.5,91.2
M068,20,160.9,56.3,92.6
M068,22,160.9,57.0,93.8
M068,24,160.9,57.5,95.6
M068,26,160.9,57.7,96.3
M068,28,160.9,58.2,98.4
M068,30,160.9,58.9,98.9
M068,32,160.9,59.5,100.0
M068,34,160.9,60.0,101.5
M068,36,160.9,60.3,102.8
M068,38,160.9,61.2,103.8
M068,40,160.9,61.9,106.8
M069,12,165.8,52.1,71.2
M069,14,165.8,52.7,72.5
M069,16,165.8,53.8,73.7
M069,18,165.8,54.2,76.2
M069,20,165.8,55.0,77.4
M069,22,165.8,55.7,79.2
M069,24,165.8,56.5,80.8
M069,26,165.8,57.1,82.5
M069,28,165.8,58.0,84.4
M069,30,165.8,58.7,86.9
M069,32,165.8,59.4,88.1
M069,34,165.8,60.4,91.1
M069,36,165.8,61.1,91.7
M069,38,165.8,62.1,93.6
M069,40,165.8,62.9,95.6
M070,12,150.0,44.8,73.8
M070,14,150.0,45.3,75.5
M070,16,150.0,46.2,77.8
M070,18,150.0,47.2,79.2
M070,20,150.0,48.3,81.2
M070,22,150.0,49.4,83.2
M070,24,150.0,49.9,85.0
M070,26,150.0,51.0,86.6
M070,28,150.0,51.6,88.4
M070,30,150.0,52.6,90.6
M070,32,150.0,53.8,92.8
M070,34,150.0,54.7,94.7
M070,36,150.0,55.7,96.9
M070,38,150.0,57.1,98.7
M070,40,150.0,57.8,101.2
M071,12,167.7,45.1,77.0
M071,14,167.7,45.4,77.5
M071,16,167.7,45.9,78.6
M071,18,167.7,47.0,79.3
M071,20,167.7,47.6,80.2
M071,22,167.7,48.5,81.8
M071,24,167.7,48.8,82.0
M071,26,167.7,50.0,83.2
M071,28,167.7,50.5,84.5
M071,30,167.7,51.7,85.2
M071,32,167.7,52.4,86.4
M071,34,167.7,53.2,87.7
M071,36,167.7,53.8,88.8
M071,38,167.7,55.0,88.9
M071,40,167.7,55.8,90.4
M072,12,159.9,48.1,76.9
M072,14,159.9,49.1,78.2
M072,16,159.9,49.0,79.3
M072,18,159.9,50.3,80.2
M072,20,159.9,51.2,81.9
M072,22,159.9,52.0,82.6
M072,24,159.9,53.3,83.6
M072,26,159.9,54.4,84.8
M072,28,159.9,55.3,86.2
M072,30,159.9,56.4,86.8
M072,32,159.9,57.2,88.3
M072,34,159.9,58.5,89.1
M072,36,159.9,59.2,90.5
M072,38,159.9,60.3,91.9
M072,40,159.9,61.6,93.3
M073,12,169.5,61.3,71.9
M073,14,169.5,62.0,73.3
M073,16,169.5,62.8,74.1
M073,18,169.5,63.3,74.4
M073,20,169.5,63.9,74.8
M073,22,169.5,64.6,75.8
M073,24,169.5,65.5,76.4
M073,26,169.5,66.1,77.1
M073,28,169.5,67.2,78.0
M073,30,169.5,67.8,78.9
M073,32,169.5,69.1,80.7
M073,34,169.5,69.6,80.5
M073,36,169.5,71.0,81.4
M073,38,169.5,71.8,82.3
M073,40,169.5,72.5,84.0
M074,12,163.0,53.0,75.8
M074,14,163.0,53.4,77.8
M074,16,163.0,54.2,79.0
M074,18,163.0,54.5,80.0
M074,20,163.0,55.3,81.9
M074,22,163.0,56.1,85.1
M074,24,163.0,56.9,85.0
M074,26,163.0,57.2,87.3
M074,28,163.0,58.5,88.6
M074,30,163.0,59.4,89.8
M074,32,163.0,59.8,91.2
M074,34,163.0,60.9,92.8
M074,36,163.0,61.2,94.7
M074,38,163.0,62.4,96.5
M074,40,163.0,63.2,98.7
M075,12,160.5,54.5,75.5
M075,14,160.5,55.3,76.3
M075,16,160.5,55.8,77.6
M075,18,160.5,56.3,78.8
M075,20,160.5,57.0,80.1
M075,22,160.5,57.8,80.9
M075,24,160.5,58.7,82.9
M075,26,160.5,59.2,83.1
M075,28,160.5,60.0,84.2
M075,30,160.5,61.1,85.0
M075,32,160.5,61.9,86.6
M075,34,160.5,62.0,88.0
M075,36,160.5,63.5,88.8
M075,38,160.5,63.8,89.6
M075,40,160.5,64.9,90.9
M076,12,168.5,60.4,83.4
M076,14,168.5,60.9,85.0
M076,16,168.5,61.3,86.4
M076,18,168.5,61.8,87.5
M076,20,168.5,62.3,88.3
M076,22,168.5,63.7,89.7
M076,24,168.5,63.9,91.1
M076,26,168.5,64.5,92.2
M076,28,168.5,65.3,93.4
M076,30,168.5,65.7,94.2
M076,32,168.5,66.3,96.4
M076,34,168.5,67.1,97.4
M076,36,168.5,67.9,99.2
M076,38,168.5,68.3,100.2
M076,40,168.5,69.1,101.5
M077,12,174.6,75.0,76.6
M077,14,174.6,75.5,78.1
M077,16,174.6,76.8,78.7
M077,18,174.6,77.6,81.1
M077,20,174.6,79.1,83.0
M077,22,174.6,80.1,84.2
M077,24,174.6,81.5,85.5
M077,26,174.6,82.8,87.4
M077,28,174.6,84.3,89.2
M077,30,174.6,85.5,91.3
M077,32,174.6,86.8,92.3
M077,34,174.6,88.2,94.1
M077,36,174.6,89.3,96.1
M077,38,174.6,90.7,98.3
M077,40,174.6,91.8,99.6
M078,12,164.3,62.8,88.1
M078,14,164.3,63.6,88.8
M078,16,164.3,64.3,90.4
M078,18,164.3,65.1,91.8
M078,20,164.3,65.8,92.4
M078,22,164.3,66.7,93.5
M078,24,164.3,67.6,94.9
M078,26,164.3,68.1,95.1
M078,28,164.3,69.0,96.2
M078,30,164.3,70.1,98.1
M078,32,164.3,71.3,99.1
M078,34,164.3,72.1,100.3
M078,36,164.3,73.1,101.9
M078,38,164.3,74.2,102.6
M078,40,164.3,75.2,103.8
M079,12,163.8,54.9,73.3
M079,14,163.8,55.4,74.7
M079,16,163.8,56.6,76.6
M079,18,163.8,57.2,77.7
M079,20,163.8,57.9,79.5
M079,22,163.8,59.1,81.1
M079,24,163.8,59.8,82.7
M079,26,163.8,60.9,85.0
M079,28,163.8,61.3,86.4
M079,30,163.8,62.3,87.9
M079,32,163.8,63.0,89.7
M079,34,163.8,64.2,91.5
M079,36,163.8,65.0,94.3
M079,38,163.8,66.1,95.1
M079,40,163.8,67.0,96.5
M080,12,166.6,63.2,80.4
M080,14,166.6,63.7,83.4
M080,16,166.6,64.2,85.5
M080,18,166.6,65.1,86.9
M080,20,166.6,66.4,89.7
M080,22,166.6,67.0,91.3
M080,24,166.6,68.3,93.6
M080,26,166.6,68.8,96.4
M080,28,166.6,70.1,98.6
M080,30,166.6,71.1,100.2
M080,32,166.6,71.9,102.5
M080,34,166.6,73.4,104.9
M080,36,166.6,74.3,106.7
M080,38,166.6,75.2,109.8
M080,40,166.6,76.1,112.0
M081,12,170.3,66.6,79.4
M081,14,170.3,66.9,80.8
M081,16,170.3,67.9,82.3
M081,18,170.3,68.7,84.2
M081,20,170.3,69.3,85.8
M081,22,170.3,70.6,86.7
M081,24,170.3,70.6,88.0
M081,26,170.3,72.0,90.2
M081,28,170.3,73.4,92.3
M081,30,170.3,74.3,93.9
M081,32,170.3,75.3,95.4
M081,34,170.3,76.4,96.9
M081,36,170.3,77.2,98.9
M081,38,170.3,78.5,100.4
M081,40,170.3,79.4,101.3
M082,12,173.4,52.3,72.1
M082,14,173.4,53.2,73.1
M082,16,173.4,53.3,74.7
M082,18,173.4,54.0,75.4
M082,20,173.4,54.2,77.5
M082,22,173.4,54.5,78.1
M082,24,173.4,55.5,79.0
M082,26,173.4,55.9,80.8
M082,28,173.4,56.3,82.0
M082,30,173.4,57.1,82.9
M082,32,173.4,57.5,84.1
M082,34,173.4,58.1,86.9
M082,36,173.4,58.7,87.5
M082,38,173.4,59.2,88.0
M082,40,173.4,60.0,89.1
M083,12,173.2,55.5,77.5
M083,14,173.2,56.2,78.4
M083,16,173.2,56.9,80.6
M083,18,173.2,57.8,81.8
M083,20,173.2,58.6,82.8
M083,22,173.2,59.6,83.8
M083,24,173.2,60.3,85.7
M083,26,173.2,61.1,86.7
M083,28,173.2,62.5,88.2
M083,30,173.2,63.2,90.2
M083,32,173.2,64.6,91.3
M083,34,173.2,65.6,93.0
M083,36,173.2,65.9,94.8
M083,38,173.2,67.1,96.3
M083,40,173.2,68.4,96.5
M084,12,164.8,56.6,75.2
M084,14,164.8,57.3,76.7
M084,16,164.8,58.2,78.8
M084,18,164.8,59.0,80.4
M084,20,164.8,59.8,81.7
M084,22,164.8,60.0,83.2
M084,24,164.8,61.1,85.4
M084,26,164.8,61.6,87.6
M084,28,164.8,62.6,89.7
M084,30,164.8,63.3,90.9
M084,32,164.8,64.0,92.9
M084,34,164.8,65.0,94.7
M084,36,164.8,66.0,96.7
M084,38,164.8,66.6,98.7
M084,40,164.8,67.3,101.2
M085,12,169.6,59.7,80.4
M085,14,169.6,60.2,82.0
M085,16,169.6,60.9,82.9
M085,18,169.6,61.3,85.6
M085,20,169.6,62.4,86.4
M085,22,169.6,63.1,88.0
M085,24,169.6,63.9,89.5
M085,26,169.6,65.2,91.9
M085,28,169.6,65.7,93.2
M085,30,169.6,66.4,94.3
M085,32,169.6,67.5,96.5
M085,34,169.6,68.4,97.9
M085,36,169.6,69.0,99.1
M085,38,169.6,69.6,101.6
M085,40,169.6,70.8,103.7
M086,12,165.3,60.2,81.2
M086,14,165.3,61.0,82.8
M086,16,165.3,62.0,83.7
M086,18,165.3,63.0,86.0
M086,20,165.3,63.2,87.7
M086,22,165.3,64.0,89.6
M086,24,165.3,64.9,91.2
M086,26,165.3,66.1,92.6
M086,28,165.3,66.8,94.3
M086,30,165.3,67.7,95.8
M086,32,165.3,68.5,97.5
M086,34,165.3,69.3,98.8
M086,36,165.3,70.2,101.2
M086,38,165.3,71.5,102.7
M086,40,165.3,72.5,104.2
M087,12,173.8,70.2,82.8
M087,14,173.8,70.9,84.7
M087,16,173.8,71.6,85.4
M087,18,173.8,72.3,86.4
M087,20,173.8,72.5,87.9
M087,22,173.8,73.5,89.5
M087,24,173.8,74.6,90.7
M087,26,173.8,75.4,91.9
M087,28,173.8,76.5,93.2
M087,30,173.8,77.1,95.3
M087,32,173.8,78.3,96.6
M087,34,173.8,78.8,98.1
M087,36,173.8,80.1,99.6
M087,38,173.8,81.0,101.5
M087,40,173.8,81.8,102.5
M088,12,163.6,59.0,73.0
M088,14,163.6,60.2,74.2
M088,16,163.6,60.7,75.2
M088,18,163.6,61.0,76.3
M088,20,163.6,62.3,77.3
M088,22,163.6,63.3,78.5
M088,24,163.6,64.5,79.7
M088,26,163.6,65.4,80.8
M088,28,163.6,66.2,81.7
M088,30,163.6,67.2,83.6
M088,32,163.6,68.0,84.6
M088,34,163.6,69.3,85.4
M088,36,163.6,70.8,87.3
M088,38,163.6,71.7,88.2
M088,40,163.6,73.0,90.1
M089,12,170.1,72.4,75.3
M089,14,170.1,72.8,76.7
M089,16,170.1,73.7,78.2
M089,18,170.1,74.1,79.3
M089,20,170.1,74.8,80.7
M089,22,170.1,75.6,82.0
M089,24,170.1,76.8,84.7
M089,26,170.1,77.6,86.0
M089,28,170.1,78.5,87.7
M089,30,170.1,78.9,89.6
M089,32,170.1,80.0,91.7
M089,34,170.1,80.9,93.0
M089,36,170.1,82.0,94.4
M089,38,170.1,83.1,96.4
M089,40,170.1,83.8,97.7
M090,12,157.1,55.4,81.8
M090,14,157.1,56.1,82.5
M090,16,157.1,56.6,83.6
M090,18,157.1,57.8,84.3
M090,20,157.1,58.2,85.8
M090,22,157.1,58.9,86.8
M090,24,157.1,60.3,87.9
M090,26,157.1,60.8,87.7
M090,28,157.1,62.1,89.7
M090,30,157.1,63.0,90.4
M090,32,157.1,64.3,91.3
M090,34,157.1,65.3,92.6
M090,36,157.1,66.1,94.3
M090,38,157.1,67.4,94.7
M090,40,157.1,68.6,95.4
M091,12,165.1,56.8,78.0
M091,14,165.1,57.2,79.3
M091,16,165.1,57.9,81.1
M091,18,165.1,58.5,82.8
M091,20,165.1,59.1,84.4
M091,22,165.1,59.9,85.1
M091,24,165.1,61.1,87.0
M091,26,165.1,61.9,88.9
M091,28,165.1,62.7,90.1
M091,30,165.1,63.5,91.5
M091,32,165.1,64.8,92.4
M091,34,165.1,65.7,94.8
M091,36,165.1,67.0,95.8
M091,38,165.1,67.4,97.8
M091,40,165.1,68.5,98.7
M092,12,166.1,65.9,73.4
M092,14,166.1,66.7,74.2
M092,16,166.1,67.5,74.1
M092,18,166.1,68.4,75.2
M092,20,166.1,69.2,76.3
M092,22,166.1,70.0,76.5
M092,24,166.1,71.0,77.6
M092,26,166.1,72.3,78.6
M092,28,166.1,73.3,79.5
M092,30,166.1,74.3,80.2
M092,32,166.1,76.0,80.5
M092,34,166.1,76.4,81.4
M092,36,166.1,77.8,82.3
M092,38,166.1,79.0,83.0
M092,40,166.1,80.1,84.0
M093,12,171.0,47.6,78.9
M093,14,171.0,48.3,79.7
M093,16,171.0,49.3,81.2
M093,18,171.0,49.9,81.5
M093,20,171.0,50.6,83.0
M093,22,171.0,51.6,84.3
M093,24,171.0,52.9,85.6
M093,26,171.0,54.1,86.4
M093,28,171.0,54.9,86.8
M093,30,171.0,56.0,88.1
M093,32,171.0,57.1,88.7
M093,34,171.0,57.9,90.0
M093,36,171.0,59.1,91.6
M093,38,171.0,60.1,93.1
M093,40,171.0,61.3,93.6
M094,12,160.2,53.1,76.0
M094,14,160.2,53.8,77.5
M094,16,160.2,54.6,78.4
M094,18,160.2,55.5,80.8
M094,20,160.2,56.2,81.3
M094,22,160.2,57.5,83.1
M094,24,160.2,58.0,84.8
M094,26,160.2,59.6,85.4
M094,28,160.2,60.5,86.5
M094,30,160.2,61.6,89.1
M094,32,160.2,62.2,89.5
M094,34,160.2,63.5,91.6
M094,36,160.2,64.4,93.1
M094,38,160.2,65.6,94.7
M094,40,160.2,66.8,96.1
M095,12,158.6,50.1,73.1
M095,14,158.6,50.8,74.6
M095,16,158.6,51.5,75.5
M095,18,158.6,52.6,77.1
M095,20,158.6,53.5,78.0
M095,22,158.6,54.3,79.9
M095,24,158.6,55.5,81.2
M095,26,158.6,56.3,82.8
M095,28,158.6,57.2,83.8
M095,30,158.6,58.6,85.7
M095,32,158.6,59.7,86.8
M095,34,158.6,60.6,88.4
M095,36,158.6,61.7,89.7
M095,38,158.6,62.8,91.3
M095,40,158.6,64.1,92.8
M096,12,173.3,44.7,72.3
M096,14,173.3,45.2,72.9
M096,16,173.3,45.4,74.2
M096,18,173.3,45.6,75.9
M096,20,173.3,46.5,76.7
M096,22,173.3,46.7,78.7
M096,24,173.3,47.0,81.3
M096,26,173.3,47.8,82.0
M096,28,173.3,47.7,83.9
M096,30,173.3,48.5,85.0
M096,32,173.3,48.7,87.1
M096,34,173.3,48.8,88.5
M096,36,173.3,49.5,89.7
M096,38,173.3,50.0,90.7
M096,40,173.3,50.6,93.0
M097,12,162.8,62.4,77.8
M097,14,162.8,62.9,78.6
M097,16,162.8,62.8,81.0
M097,18,162.8,63.2,81.6
M097,20,162.8,63.6,82.7
M097,22,162.8,64.2,85.2
M097,24,162.8,64.7,86.0
M097,26,162.8,65.1,87.9
M097,28,162.8,65.6,88.3
M097,30,162.8,66.1,90.3
M097,32,162.8,66.4,92.0
M097,34,162.8,67.2,93.4
M097,36,162.8,67.9,94.8
M097,38,162.8,68.1,95.5
M097,40,162.8,68.7,98.5
M098,12,177.3,61.4,81.5
M098,14,177.3,61.9,82.6
M098,16,177.3,61.9,84.6
M098,18,177.3,62.0,85.9
M098,20,177.3,62.5,88.0
M098,22,177.3,62.8,89.0
M098,24,177.3,62.9,90.6
M098,26,177.3,63.7,93.1
M098,28,177.3,64.4,94.3
M098,30,177.3,64.8,95.9
M098,32,177.3,64.8,98.0
M098,34,177.3,65.3,99.7
M098,36,177.3,65.5,101.2
M098,38,177.3,65.6,103.6
M098,40,177.3,66.4,104.7
M099,12,169.8,61.2,75.7
M099,14,169.8,61.8,77.5
M099,16,169.8,62.5,78.7
M099,18,169.8,63.0,80.2
M099,20,169.8,63.9,81.8
M099,22,169.8,64.6,83.7
M099,24,169.8,65.6,86.3
M099,26,169.8,66.1,87.9
M099,28,169.8,67.1,90.0
M099,30,169.8,67.8,91.9
M099,32,169.8,69.1,93.4
M099,34,169.8,69.7,95.2
M099,36,169.8,70.8,97.0
M099,38,169.8,71.5,98.9
M099,40,169.8,72.5,101.4
M100,12,162.5,56.1,76.2
M100,14,162.5,56.3,77.2
M100,16,162.5,56.4,79.0
M100,18,162.5,56.7,80.1
M100,20,162.5,57.7,82.1
M100,22,162.5,57.8,82.6
M100,24,162.5,58.4,85.2
M100,26,162.5,59.1,85.8
M100,28,162.5,59.8,87.3
M100,30,162.5,60.2,89.0
M100,32,162.5,60.9,90.4
M100,34,162.5,60.9,91.5
M100,36,162.5,61.4,93.4
M100,38,162.5,61.9,94.1
M100,40,162.5,62.7,95.9
